--
-- PostgreSQL database dump
--

-- Dumped from database version 15.13 (Debian 15.13-1.pgdg120+1)
-- Dumped by pg_dump version 15.13 (Debian 15.13-1.pgdg120+1)

SET statement_timeout = 0;
SET lock_timeout = 0;
SET idle_in_transaction_session_timeout = 0;
SET client_encoding = 'UTF8';
SET standard_conforming_strings = on;
SELECT pg_catalog.set_config('search_path', '', false);
SET check_function_bodies = false;
SET xmloption = content;
SET client_min_messages = warning;
SET row_security = off;

SET default_tablespace = '';

SET default_table_access_method = heap;

--
-- Name: account_emailaddress; Type: TABLE; Schema: public; Owner: justclothing_user
--

CREATE TABLE public.account_emailaddress (
    id integer NOT NULL,
    email character varying(254) NOT NULL,
    verified boolean NOT NULL,
    "primary" boolean NOT NULL,
    user_id bigint NOT NULL
);


ALTER TABLE public.account_emailaddress OWNER TO justclothing_user;

--
-- Name: account_emailaddress_id_seq; Type: SEQUENCE; Schema: public; Owner: justclothing_user
--

ALTER TABLE public.account_emailaddress ALTER COLUMN id ADD GENERATED BY DEFAULT AS IDENTITY (
    SEQUENCE NAME public.account_emailaddress_id_seq
    START WITH 1
    INCREMENT BY 1
    NO MINVALUE
    NO MAXVALUE
    CACHE 1
);


--
-- Name: account_emailconfirmation; Type: TABLE; Schema: public; Owner: justclothing_user
--

CREATE TABLE public.account_emailconfirmation (
    id integer NOT NULL,
    created timestamp with time zone NOT NULL,
    sent timestamp with time zone,
    key character varying(64) NOT NULL,
    email_address_id integer NOT NULL
);


ALTER TABLE public.account_emailconfirmation OWNER TO justclothing_user;

--
-- Name: account_emailconfirmation_id_seq; Type: SEQUENCE; Schema: public; Owner: justclothing_user
--

ALTER TABLE public.account_emailconfirmation ALTER COLUMN id ADD GENERATED BY DEFAULT AS IDENTITY (
    SEQUENCE NAME public.account_emailconfirmation_id_seq
    START WITH 1
    INCREMENT BY 1
    NO MINVALUE
    NO MAXVALUE
    CACHE 1
);


--
-- Name: addresses; Type: TABLE; Schema: public; Owner: justclothing_user
--

CREATE TABLE public.addresses (
    id bigint NOT NULL,
    address_type character varying(10) NOT NULL,
    full_name character varying(100) NOT NULL,
    phone_number character varying(128) NOT NULL,
    address_line_1 character varying(200) NOT NULL,
    address_line_2 character varying(200) NOT NULL,
    city character varying(100) NOT NULL,
    state character varying(100) NOT NULL,
    postal_code character varying(20) NOT NULL,
    country character varying(100) NOT NULL,
    is_default boolean NOT NULL,
    created_at timestamp with time zone NOT NULL,
    updated_at timestamp with time zone NOT NULL,
    user_id bigint NOT NULL
);


ALTER TABLE public.addresses OWNER TO justclothing_user;

--
-- Name: addresses_id_seq; Type: SEQUENCE; Schema: public; Owner: justclothing_user
--

ALTER TABLE public.addresses ALTER COLUMN id ADD GENERATED BY DEFAULT AS IDENTITY (
    SEQUENCE NAME public.addresses_id_seq
    START WITH 1
    INCREMENT BY 1
    NO MINVALUE
    NO MAXVALUE
    CACHE 1
);


--
-- Name: admin_notifications; Type: TABLE; Schema: public; Owner: justclothing_user
--

CREATE TABLE public.admin_notifications (
    id uuid NOT NULL,
    type character varying(30) NOT NULL,
    title character varying(200) NOT NULL,
    message text NOT NULL,
    priority character varying(10) NOT NULL,
    data jsonb NOT NULL,
    is_read boolean NOT NULL,
    is_resolved boolean NOT NULL,
    resolved_at timestamp with time zone,
    resolution_notes text NOT NULL,
    created_at timestamp with time zone NOT NULL,
    resolved_by_id bigint
);


ALTER TABLE public.admin_notifications OWNER TO justclothing_user;

--
-- Name: auth_group; Type: TABLE; Schema: public; Owner: justclothing_user
--

CREATE TABLE public.auth_group (
    id integer NOT NULL,
    name character varying(150) NOT NULL
);


ALTER TABLE public.auth_group OWNER TO justclothing_user;

--
-- Name: auth_group_id_seq; Type: SEQUENCE; Schema: public; Owner: justclothing_user
--

ALTER TABLE public.auth_group ALTER COLUMN id ADD GENERATED BY DEFAULT AS IDENTITY (
    SEQUENCE NAME public.auth_group_id_seq
    START WITH 1
    INCREMENT BY 1
    NO MINVALUE
    NO MAXVALUE
    CACHE 1
);


--
-- Name: auth_group_permissions; Type: TABLE; Schema: public; Owner: justclothing_user
--

CREATE TABLE public.auth_group_permissions (
    id bigint NOT NULL,
    group_id integer NOT NULL,
    permission_id integer NOT NULL
);


ALTER TABLE public.auth_group_permissions OWNER TO justclothing_user;

--
-- Name: auth_group_permissions_id_seq; Type: SEQUENCE; Schema: public; Owner: justclothing_user
--

ALTER TABLE public.auth_group_permissions ALTER COLUMN id ADD GENERATED BY DEFAULT AS IDENTITY (
    SEQUENCE NAME public.auth_group_permissions_id_seq
    START WITH 1
    INCREMENT BY 1
    NO MINVALUE
    NO MAXVALUE
    CACHE 1
);


--
-- Name: auth_permission; Type: TABLE; Schema: public; Owner: justclothing_user
--

CREATE TABLE public.auth_permission (
    id integer NOT NULL,
    name character varying(255) NOT NULL,
    content_type_id integer NOT NULL,
    codename character varying(100) NOT NULL
);


ALTER TABLE public.auth_permission OWNER TO justclothing_user;

--
-- Name: auth_permission_id_seq; Type: SEQUENCE; Schema: public; Owner: justclothing_user
--

ALTER TABLE public.auth_permission ALTER COLUMN id ADD GENERATED BY DEFAULT AS IDENTITY (
    SEQUENCE NAME public.auth_permission_id_seq
    START WITH 1
    INCREMENT BY 1
    NO MINVALUE
    NO MAXVALUE
    CACHE 1
);


--
-- Name: authtoken_token; Type: TABLE; Schema: public; Owner: justclothing_user
--

CREATE TABLE public.authtoken_token (
    key character varying(40) NOT NULL,
    created timestamp with time zone NOT NULL,
    user_id bigint NOT NULL
);


ALTER TABLE public.authtoken_token OWNER TO justclothing_user;

--
-- Name: cart_items; Type: TABLE; Schema: public; Owner: justclothing_user
--

CREATE TABLE public.cart_items (
    id bigint NOT NULL,
    quantity integer NOT NULL,
    size character varying(50) NOT NULL,
    color character varying(50) NOT NULL,
    created_at timestamp with time zone NOT NULL,
    updated_at timestamp with time zone NOT NULL,
    cart_id bigint NOT NULL,
    product_id integer NOT NULL,
    CONSTRAINT cart_items_quantity_check CHECK ((quantity >= 0))
);


ALTER TABLE public.cart_items OWNER TO justclothing_user;

--
-- Name: cart_items_id_seq; Type: SEQUENCE; Schema: public; Owner: justclothing_user
--

ALTER TABLE public.cart_items ALTER COLUMN id ADD GENERATED BY DEFAULT AS IDENTITY (
    SEQUENCE NAME public.cart_items_id_seq
    START WITH 1
    INCREMENT BY 1
    NO MINVALUE
    NO MAXVALUE
    CACHE 1
);


--
-- Name: carts; Type: TABLE; Schema: public; Owner: justclothing_user
--

CREATE TABLE public.carts (
    id bigint NOT NULL,
    created_at timestamp with time zone NOT NULL,
    updated_at timestamp with time zone NOT NULL,
    user_id bigint NOT NULL
);


ALTER TABLE public.carts OWNER TO justclothing_user;

--
-- Name: carts_id_seq; Type: SEQUENCE; Schema: public; Owner: justclothing_user
--

ALTER TABLE public.carts ALTER COLUMN id ADD GENERATED BY DEFAULT AS IDENTITY (
    SEQUENCE NAME public.carts_id_seq
    START WITH 1
    INCREMENT BY 1
    NO MINVALUE
    NO MAXVALUE
    CACHE 1
);


--
-- Name: categories; Type: TABLE; Schema: public; Owner: justclothing_user
--

CREATE TABLE public.categories (
    id bigint NOT NULL,
    name character varying(100) NOT NULL,
    slug character varying(100) NOT NULL,
    description text NOT NULL,
    is_active boolean NOT NULL,
    created_at timestamp with time zone NOT NULL,
    parent_id bigint
);


ALTER TABLE public.categories OWNER TO justclothing_user;

--
-- Name: categories_id_seq; Type: SEQUENCE; Schema: public; Owner: justclothing_user
--

ALTER TABLE public.categories ALTER COLUMN id ADD GENERATED BY DEFAULT AS IDENTITY (
    SEQUENCE NAME public.categories_id_seq
    START WITH 1
    INCREMENT BY 1
    NO MINVALUE
    NO MAXVALUE
    CACHE 1
);


--
-- Name: collections; Type: TABLE; Schema: public; Owner: justclothing_user
--

CREATE TABLE public.collections (
    id bigint NOT NULL,
    name character varying(100) NOT NULL,
    slug character varying(100) NOT NULL,
    description text NOT NULL,
    is_active boolean NOT NULL,
    created_at timestamp with time zone NOT NULL
);


ALTER TABLE public.collections OWNER TO justclothing_user;

--
-- Name: collections_id_seq; Type: SEQUENCE; Schema: public; Owner: justclothing_user
--

ALTER TABLE public.collections ALTER COLUMN id ADD GENERATED BY DEFAULT AS IDENTITY (
    SEQUENCE NAME public.collections_id_seq
    START WITH 1
    INCREMENT BY 1
    NO MINVALUE
    NO MAXVALUE
    CACHE 1
);


--
-- Name: customer_profiles; Type: TABLE; Schema: public; Owner: justclothing_user
--

CREATE TABLE public.customer_profiles (
    id bigint NOT NULL,
    phone_number character varying(128),
    date_of_birth date,
    gender character varying(10) NOT NULL,
    profile_picture character varying(100),
    newsletter_subscription boolean NOT NULL,
    created_at timestamp with time zone NOT NULL,
    updated_at timestamp with time zone NOT NULL,
    user_id bigint NOT NULL,
    onboarding_completed boolean NOT NULL,
    preferred_tags jsonb NOT NULL
);


ALTER TABLE public.customer_profiles OWNER TO justclothing_user;

--
-- Name: customer_profiles_id_seq; Type: SEQUENCE; Schema: public; Owner: justclothing_user
--

ALTER TABLE public.customer_profiles ALTER COLUMN id ADD GENERATED BY DEFAULT AS IDENTITY (
    SEQUENCE NAME public.customer_profiles_id_seq
    START WITH 1
    INCREMENT BY 1
    NO MINVALUE
    NO MAXVALUE
    CACHE 1
);


--
-- Name: customer_profiles_preferred_categories; Type: TABLE; Schema: public; Owner: justclothing_user
--

CREATE TABLE public.customer_profiles_preferred_categories (
    id bigint NOT NULL,
    customerprofile_id bigint NOT NULL,
    category_id bigint NOT NULL
);


ALTER TABLE public.customer_profiles_preferred_categories OWNER TO justclothing_user;

--
-- Name: customer_profiles_preferred_categories_id_seq; Type: SEQUENCE; Schema: public; Owner: justclothing_user
--

ALTER TABLE public.customer_profiles_preferred_categories ALTER COLUMN id ADD GENERATED BY DEFAULT AS IDENTITY (
    SEQUENCE NAME public.customer_profiles_preferred_categories_id_seq
    START WITH 1
    INCREMENT BY 1
    NO MINVALUE
    NO MAXVALUE
    CACHE 1
);


--
-- Name: delivery_attempts; Type: TABLE; Schema: public; Owner: justclothing_user
--

CREATE TABLE public.delivery_attempts (
    id bigint NOT NULL,
    attempt_number integer NOT NULL,
    status character varying(15) NOT NULL,
    attempted_at timestamp with time zone NOT NULL,
    notes text NOT NULL,
    next_attempt_scheduled timestamp with time zone,
    delivered_to character varying(200) NOT NULL,
    signature_required boolean NOT NULL,
    signature_obtained boolean NOT NULL,
    created_at timestamp with time zone NOT NULL,
    label_id uuid NOT NULL,
    CONSTRAINT delivery_attempts_attempt_number_check CHECK ((attempt_number >= 0))
);


ALTER TABLE public.delivery_attempts OWNER TO justclothing_user;

--
-- Name: delivery_attempts_id_seq; Type: SEQUENCE; Schema: public; Owner: justclothing_user
--

ALTER TABLE public.delivery_attempts ALTER COLUMN id ADD GENERATED BY DEFAULT AS IDENTITY (
    SEQUENCE NAME public.delivery_attempts_id_seq
    START WITH 1
    INCREMENT BY 1
    NO MINVALUE
    NO MAXVALUE
    CACHE 1
);


--
-- Name: django_admin_log; Type: TABLE; Schema: public; Owner: justclothing_user
--

CREATE TABLE public.django_admin_log (
    id integer NOT NULL,
    action_time timestamp with time zone NOT NULL,
    object_id text,
    object_repr character varying(200) NOT NULL,
    action_flag smallint NOT NULL,
    change_message text NOT NULL,
    content_type_id integer,
    user_id bigint NOT NULL,
    CONSTRAINT django_admin_log_action_flag_check CHECK ((action_flag >= 0))
);


ALTER TABLE public.django_admin_log OWNER TO justclothing_user;

--
-- Name: django_admin_log_id_seq; Type: SEQUENCE; Schema: public; Owner: justclothing_user
--

ALTER TABLE public.django_admin_log ALTER COLUMN id ADD GENERATED BY DEFAULT AS IDENTITY (
    SEQUENCE NAME public.django_admin_log_id_seq
    START WITH 1
    INCREMENT BY 1
    NO MINVALUE
    NO MAXVALUE
    CACHE 1
);


--
-- Name: django_content_type; Type: TABLE; Schema: public; Owner: justclothing_user
--

CREATE TABLE public.django_content_type (
    id integer NOT NULL,
    app_label character varying(100) NOT NULL,
    model character varying(100) NOT NULL
);


ALTER TABLE public.django_content_type OWNER TO justclothing_user;

--
-- Name: django_content_type_id_seq; Type: SEQUENCE; Schema: public; Owner: justclothing_user
--

ALTER TABLE public.django_content_type ALTER COLUMN id ADD GENERATED BY DEFAULT AS IDENTITY (
    SEQUENCE NAME public.django_content_type_id_seq
    START WITH 1
    INCREMENT BY 1
    NO MINVALUE
    NO MAXVALUE
    CACHE 1
);


--
-- Name: django_migrations; Type: TABLE; Schema: public; Owner: justclothing_user
--

CREATE TABLE public.django_migrations (
    id bigint NOT NULL,
    app character varying(255) NOT NULL,
    name character varying(255) NOT NULL,
    applied timestamp with time zone NOT NULL
);


ALTER TABLE public.django_migrations OWNER TO justclothing_user;

--
-- Name: django_migrations_id_seq; Type: SEQUENCE; Schema: public; Owner: justclothing_user
--

ALTER TABLE public.django_migrations ALTER COLUMN id ADD GENERATED BY DEFAULT AS IDENTITY (
    SEQUENCE NAME public.django_migrations_id_seq
    START WITH 1
    INCREMENT BY 1
    NO MINVALUE
    NO MAXVALUE
    CACHE 1
);


--
-- Name: django_session; Type: TABLE; Schema: public; Owner: justclothing_user
--

CREATE TABLE public.django_session (
    session_key character varying(40) NOT NULL,
    session_data text NOT NULL,
    expire_date timestamp with time zone NOT NULL
);


ALTER TABLE public.django_session OWNER TO justclothing_user;

--
-- Name: django_site; Type: TABLE; Schema: public; Owner: justclothing_user
--

CREATE TABLE public.django_site (
    id integer NOT NULL,
    domain character varying(100) NOT NULL,
    name character varying(50) NOT NULL
);


ALTER TABLE public.django_site OWNER TO justclothing_user;

--
-- Name: django_site_id_seq; Type: SEQUENCE; Schema: public; Owner: justclothing_user
--

ALTER TABLE public.django_site ALTER COLUMN id ADD GENERATED BY DEFAULT AS IDENTITY (
    SEQUENCE NAME public.django_site_id_seq
    START WITH 1
    INCREMENT BY 1
    NO MINVALUE
    NO MAXVALUE
    CACHE 1
);


--
-- Name: featured_promos; Type: TABLE; Schema: public; Owner: justclothing_user
--

CREATE TABLE public.featured_promos (
    id bigint NOT NULL,
    placement character varying(20) NOT NULL,
    priority integer NOT NULL,
    promotion_start timestamp with time zone NOT NULL,
    promotion_end timestamp with time zone NOT NULL,
    daily_budget_currency character varying(3),
    daily_budget numeric(10,2),
    max_impressions integer,
    current_impressions integer NOT NULL,
    max_clicks integer,
    current_clicks integer NOT NULL,
    is_active boolean NOT NULL,
    created_at timestamp with time zone NOT NULL,
    created_by_id bigint NOT NULL,
    promo_code_id bigint NOT NULL,
    CONSTRAINT featured_promos_current_clicks_check CHECK ((current_clicks >= 0)),
    CONSTRAINT featured_promos_current_impressions_check CHECK ((current_impressions >= 0)),
    CONSTRAINT featured_promos_max_clicks_check CHECK ((max_clicks >= 0)),
    CONSTRAINT featured_promos_max_impressions_check CHECK ((max_impressions >= 0)),
    CONSTRAINT featured_promos_priority_check CHECK ((priority >= 0))
);


ALTER TABLE public.featured_promos OWNER TO justclothing_user;

--
-- Name: featured_promos_id_seq; Type: SEQUENCE; Schema: public; Owner: justclothing_user
--

ALTER TABLE public.featured_promos ALTER COLUMN id ADD GENERATED BY DEFAULT AS IDENTITY (
    SEQUENCE NAME public.featured_promos_id_seq
    START WITH 1
    INCREMENT BY 1
    NO MINVALUE
    NO MAXVALUE
    CACHE 1
);


--
-- Name: featured_promos_target_user_interests; Type: TABLE; Schema: public; Owner: justclothing_user
--

CREATE TABLE public.featured_promos_target_user_interests (
    id bigint NOT NULL,
    featuredpromo_id bigint NOT NULL,
    category_id bigint NOT NULL
);


ALTER TABLE public.featured_promos_target_user_interests OWNER TO justclothing_user;

--
-- Name: featured_promos_target_user_interests_id_seq; Type: SEQUENCE; Schema: public; Owner: justclothing_user
--

ALTER TABLE public.featured_promos_target_user_interests ALTER COLUMN id ADD GENERATED BY DEFAULT AS IDENTITY (
    SEQUENCE NAME public.featured_promos_target_user_interests_id_seq
    START WITH 1
    INCREMENT BY 1
    NO MINVALUE
    NO MAXVALUE
    CACHE 1
);


--
-- Name: notification_settings; Type: TABLE; Schema: public; Owner: justclothing_user
--

CREATE TABLE public.notification_settings (
    id bigint NOT NULL,
    email_order_updates boolean NOT NULL,
    email_marketing boolean NOT NULL,
    email_product_updates boolean NOT NULL,
    email_review_requests boolean NOT NULL,
    app_order_updates boolean NOT NULL,
    app_marketing boolean NOT NULL,
    app_product_updates boolean NOT NULL,
    app_review_requests boolean NOT NULL,
    sms_order_updates boolean NOT NULL,
    sms_delivery_updates boolean NOT NULL,
    seller_low_stock_alerts boolean NOT NULL,
    seller_new_orders boolean NOT NULL,
    seller_review_alerts boolean NOT NULL,
    seller_performance_reports boolean NOT NULL,
    created_at timestamp with time zone NOT NULL,
    updated_at timestamp with time zone NOT NULL,
    user_id bigint NOT NULL
);


ALTER TABLE public.notification_settings OWNER TO justclothing_user;

--
-- Name: notification_settings_id_seq; Type: SEQUENCE; Schema: public; Owner: justclothing_user
--

ALTER TABLE public.notification_settings ALTER COLUMN id ADD GENERATED BY DEFAULT AS IDENTITY (
    SEQUENCE NAME public.notification_settings_id_seq
    START WITH 1
    INCREMENT BY 1
    NO MINVALUE
    NO MAXVALUE
    CACHE 1
);


--
-- Name: order_items; Type: TABLE; Schema: public; Owner: justclothing_user
--

CREATE TABLE public.order_items (
    id bigint NOT NULL,
    title character varying(200) NOT NULL,
    product_name character varying(200) NOT NULL,
    photo character varying(100),
    size character varying(50) NOT NULL,
    color character varying(50) NOT NULL,
    quantity integer NOT NULL,
    price numeric(10,2) NOT NULL,
    unit_price numeric(10,2) NOT NULL,
    total_price numeric(10,2) NOT NULL,
    created_at timestamp with time zone NOT NULL,
    order_id character varying(20) NOT NULL,
    product_id integer NOT NULL,
    CONSTRAINT order_items_quantity_check CHECK ((quantity >= 0))
);


ALTER TABLE public.order_items OWNER TO justclothing_user;

--
-- Name: order_items_id_seq; Type: SEQUENCE; Schema: public; Owner: justclothing_user
--

ALTER TABLE public.order_items ALTER COLUMN id ADD GENERATED BY DEFAULT AS IDENTITY (
    SEQUENCE NAME public.order_items_id_seq
    START WITH 1
    INCREMENT BY 1
    NO MINVALUE
    NO MAXVALUE
    CACHE 1
);


--
-- Name: order_status_history; Type: TABLE; Schema: public; Owner: justclothing_user
--

CREATE TABLE public.order_status_history (
    id bigint NOT NULL,
    previous_status character varying(20) NOT NULL,
    new_status character varying(20) NOT NULL,
    reason text NOT NULL,
    notes text NOT NULL,
    created_at timestamp with time zone NOT NULL,
    changed_by_id bigint,
    order_id character varying(20) NOT NULL,
    order_item_id bigint
);


ALTER TABLE public.order_status_history OWNER TO justclothing_user;

--
-- Name: order_status_history_id_seq; Type: SEQUENCE; Schema: public; Owner: justclothing_user
--

ALTER TABLE public.order_status_history ALTER COLUMN id ADD GENERATED BY DEFAULT AS IDENTITY (
    SEQUENCE NAME public.order_status_history_id_seq
    START WITH 1
    INCREMENT BY 1
    NO MINVALUE
    NO MAXVALUE
    CACHE 1
);


--
-- Name: orders; Type: TABLE; Schema: public; Owner: justclothing_user
--

CREATE TABLE public.orders (
    id character varying(20) NOT NULL,
    customer_name character varying(200) NOT NULL,
    customer_email character varying(254) NOT NULL,
    customer_phone character varying(20) NOT NULL,
    customer_address text NOT NULL,
    status character varying(20) NOT NULL,
    payment_method character varying(20) NOT NULL,
    total_amount numeric(10,2) NOT NULL,
    bill numeric(10,2) NOT NULL,
    "placedOn" character varying(20) NOT NULL,
    "time" character varying(20) NOT NULL,
    "placedTime" character varying(20) NOT NULL,
    placed_on_date date NOT NULL,
    placed_time_obj time without time zone NOT NULL,
    created_at timestamp with time zone NOT NULL,
    updated_at timestamp with time zone NOT NULL,
    seller_id integer,
    user_id bigint NOT NULL
);


ALTER TABLE public.orders OWNER TO justclothing_user;

--
-- Name: popular_products; Type: TABLE; Schema: public; Owner: justclothing_user
--

CREATE TABLE public.popular_products (
    id bigint NOT NULL,
    period_start date NOT NULL,
    period_end date NOT NULL,
    total_orders integer NOT NULL,
    total_quantity_sold integer NOT NULL,
    total_revenue_currency character varying(3) NOT NULL,
    total_revenue numeric(10,2) NOT NULL,
    rank_by_orders integer,
    rank_by_revenue integer,
    rank_by_quantity integer,
    created_at timestamp with time zone NOT NULL,
    updated_at timestamp with time zone NOT NULL,
    product_id integer NOT NULL,
    seller_id integer NOT NULL,
    CONSTRAINT popular_products_rank_by_orders_check CHECK ((rank_by_orders >= 0)),
    CONSTRAINT popular_products_rank_by_quantity_check CHECK ((rank_by_quantity >= 0)),
    CONSTRAINT popular_products_rank_by_revenue_check CHECK ((rank_by_revenue >= 0)),
    CONSTRAINT popular_products_total_orders_check CHECK ((total_orders >= 0)),
    CONSTRAINT popular_products_total_quantity_sold_check CHECK ((total_quantity_sold >= 0))
);


ALTER TABLE public.popular_products OWNER TO justclothing_user;

--
-- Name: popular_products_id_seq; Type: SEQUENCE; Schema: public; Owner: justclothing_user
--

ALTER TABLE public.popular_products ALTER COLUMN id ADD GENERATED BY DEFAULT AS IDENTITY (
    SEQUENCE NAME public.popular_products_id_seq
    START WITH 1
    INCREMENT BY 1
    NO MINVALUE
    NO MAXVALUE
    CACHE 1
);


--
-- Name: product_attribute_types; Type: TABLE; Schema: public; Owner: justclothing_user
--

CREATE TABLE public.product_attribute_types (
    id bigint NOT NULL,
    name character varying(100) NOT NULL,
    slug character varying(100) NOT NULL,
    input_type character varying(15) NOT NULL,
    is_required boolean NOT NULL,
    is_variant_attribute boolean NOT NULL,
    options jsonb NOT NULL,
    created_at timestamp with time zone NOT NULL
);


ALTER TABLE public.product_attribute_types OWNER TO justclothing_user;

--
-- Name: product_attribute_types_id_seq; Type: SEQUENCE; Schema: public; Owner: justclothing_user
--

ALTER TABLE public.product_attribute_types ALTER COLUMN id ADD GENERATED BY DEFAULT AS IDENTITY (
    SEQUENCE NAME public.product_attribute_types_id_seq
    START WITH 1
    INCREMENT BY 1
    NO MINVALUE
    NO MAXVALUE
    CACHE 1
);


--
-- Name: product_attributes; Type: TABLE; Schema: public; Owner: justclothing_user
--

CREATE TABLE public.product_attributes (
    id bigint NOT NULL,
    value text NOT NULL,
    product_id integer NOT NULL,
    attribute_type_id bigint NOT NULL
);


ALTER TABLE public.product_attributes OWNER TO justclothing_user;

--
-- Name: product_attributes_id_seq; Type: SEQUENCE; Schema: public; Owner: justclothing_user
--

ALTER TABLE public.product_attributes ALTER COLUMN id ADD GENERATED BY DEFAULT AS IDENTITY (
    SEQUENCE NAME public.product_attributes_id_seq
    START WITH 1
    INCREMENT BY 1
    NO MINVALUE
    NO MAXVALUE
    CACHE 1
);


--
-- Name: product_images; Type: TABLE; Schema: public; Owner: justclothing_user
--

CREATE TABLE public.product_images (
    id bigint NOT NULL,
    image character varying(100) NOT NULL,
    alt_text character varying(255) NOT NULL,
    is_primary boolean NOT NULL,
    sort_order integer NOT NULL,
    created_at timestamp with time zone NOT NULL,
    product_id integer NOT NULL,
    CONSTRAINT product_images_sort_order_check CHECK ((sort_order >= 0))
);


ALTER TABLE public.product_images OWNER TO justclothing_user;

--
-- Name: product_images_id_seq; Type: SEQUENCE; Schema: public; Owner: justclothing_user
--

ALTER TABLE public.product_images ALTER COLUMN id ADD GENERATED BY DEFAULT AS IDENTITY (
    SEQUENCE NAME public.product_images_id_seq
    START WITH 1
    INCREMENT BY 1
    NO MINVALUE
    NO MAXVALUE
    CACHE 1
);


--
-- Name: product_offers; Type: TABLE; Schema: public; Owner: justclothing_user
--

CREATE TABLE public.product_offers (
    id bigint NOT NULL,
    name character varying(200) NOT NULL,
    description text NOT NULL,
    offer_type character varying(15) NOT NULL,
    discount_percentage numeric(5,2),
    discount_amount numeric(10,2),
    start_date timestamp with time zone NOT NULL,
    end_date timestamp with time zone NOT NULL,
    status character varying(15) NOT NULL,
    created_at timestamp with time zone NOT NULL,
    updated_at timestamp with time zone NOT NULL,
    product_id integer NOT NULL,
    seller_id integer NOT NULL
);


ALTER TABLE public.product_offers OWNER TO justclothing_user;

--
-- Name: product_offers_id_seq; Type: SEQUENCE; Schema: public; Owner: justclothing_user
--

ALTER TABLE public.product_offers ALTER COLUMN id ADD GENERATED BY DEFAULT AS IDENTITY (
    SEQUENCE NAME public.product_offers_id_seq
    START WITH 1
    INCREMENT BY 1
    NO MINVALUE
    NO MAXVALUE
    CACHE 1
);


--
-- Name: product_variant_attributes; Type: TABLE; Schema: public; Owner: justclothing_user
--

CREATE TABLE public.product_variant_attributes (
    id bigint NOT NULL,
    value character varying(255) NOT NULL,
    attribute_type_id bigint NOT NULL,
    variant_id bigint NOT NULL
);


ALTER TABLE public.product_variant_attributes OWNER TO justclothing_user;

--
-- Name: product_variant_attributes_id_seq; Type: SEQUENCE; Schema: public; Owner: justclothing_user
--

ALTER TABLE public.product_variant_attributes ALTER COLUMN id ADD GENERATED BY DEFAULT AS IDENTITY (
    SEQUENCE NAME public.product_variant_attributes_id_seq
    START WITH 1
    INCREMENT BY 1
    NO MINVALUE
    NO MAXVALUE
    CACHE 1
);


--
-- Name: product_variants; Type: TABLE; Schema: public; Owner: justclothing_user
--

CREATE TABLE public.product_variants (
    id bigint NOT NULL,
    sku character varying(100) NOT NULL,
    size character varying(50) NOT NULL,
    color character varying(50) NOT NULL,
    price numeric(10,2),
    stock_quantity integer NOT NULL,
    is_active boolean NOT NULL,
    created_at timestamp with time zone NOT NULL,
    updated_at timestamp with time zone NOT NULL,
    product_id integer NOT NULL,
    CONSTRAINT product_variants_stock_quantity_check CHECK ((stock_quantity >= 0))
);


ALTER TABLE public.product_variants OWNER TO justclothing_user;

--
-- Name: product_variants_id_seq; Type: SEQUENCE; Schema: public; Owner: justclothing_user
--

ALTER TABLE public.product_variants ALTER COLUMN id ADD GENERATED BY DEFAULT AS IDENTITY (
    SEQUENCE NAME public.product_variants_id_seq
    START WITH 1
    INCREMENT BY 1
    NO MINVALUE
    NO MAXVALUE
    CACHE 1
);


--
-- Name: product_videos; Type: TABLE; Schema: public; Owner: justclothing_user
--

CREATE TABLE public.product_videos (
    id bigint NOT NULL,
    video character varying(100) NOT NULL,
    thumbnail character varying(100) NOT NULL,
    title character varying(200) NOT NULL,
    description text NOT NULL,
    sort_order integer NOT NULL,
    created_at timestamp with time zone NOT NULL,
    product_id integer NOT NULL,
    CONSTRAINT product_videos_sort_order_check CHECK ((sort_order >= 0))
);


ALTER TABLE public.product_videos OWNER TO justclothing_user;

--
-- Name: product_videos_id_seq; Type: SEQUENCE; Schema: public; Owner: justclothing_user
--

ALTER TABLE public.product_videos ALTER COLUMN id ADD GENERATED BY DEFAULT AS IDENTITY (
    SEQUENCE NAME public.product_videos_id_seq
    START WITH 1
    INCREMENT BY 1
    NO MINVALUE
    NO MAXVALUE
    CACHE 1
);


--
-- Name: products; Type: TABLE; Schema: public; Owner: justclothing_user
--

CREATE TABLE public.products (
    id integer NOT NULL,
    name character varying(200) NOT NULL,
    slug character varying(220) NOT NULL,
    description text NOT NULL,
    short_description character varying(255) NOT NULL,
    price numeric(10,2) NOT NULL,
    base_price_currency character varying(3) NOT NULL,
    base_price numeric(10,2) NOT NULL,
    compare_price_currency character varying(3),
    compare_price numeric(10,2),
    cost_price_currency character varying(3),
    cost_price numeric(10,2),
    "storeId" integer,
    "availableSizes" jsonb NOT NULL,
    "availableColors" jsonb NOT NULL,
    features jsonb NOT NULL,
    offers_custom_sizes boolean NOT NULL,
    custom_size_fields jsonb NOT NULL,
    requires_advance_payment boolean NOT NULL,
    estimated_pickup_days integer NOT NULL,
    meta_title character varying(200) NOT NULL,
    meta_description text NOT NULL,
    status character varying(15) NOT NULL,
    is_featured boolean NOT NULL,
    is_digital boolean NOT NULL,
    track_inventory boolean NOT NULL,
    stock_quantity integer NOT NULL,
    low_stock_threshold integer NOT NULL,
    requires_shipping boolean NOT NULL,
    weight numeric(6,2),
    shipping_days_min integer NOT NULL,
    shipping_days_max integer NOT NULL,
    views_count integer NOT NULL,
    sales_count integer NOT NULL,
    rating numeric(3,2) NOT NULL,
    review_count integer NOT NULL,
    created_at timestamp with time zone NOT NULL,
    updated_at timestamp with time zone NOT NULL,
    category_id bigint,
    collection_id bigint,
    seller_id integer NOT NULL,
    CONSTRAINT products_estimated_pickup_days_check CHECK ((estimated_pickup_days >= 0)),
    CONSTRAINT products_low_stock_threshold_check CHECK ((low_stock_threshold >= 0)),
    CONSTRAINT products_review_count_check CHECK ((review_count >= 0)),
    CONSTRAINT products_sales_count_check CHECK ((sales_count >= 0)),
    CONSTRAINT products_shipping_days_max_check CHECK ((shipping_days_max >= 0)),
    CONSTRAINT products_shipping_days_min_check CHECK ((shipping_days_min >= 0)),
    CONSTRAINT products_stock_quantity_check CHECK ((stock_quantity >= 0)),
    CONSTRAINT products_views_count_check CHECK ((views_count >= 0))
);


ALTER TABLE public.products OWNER TO justclothing_user;

--
-- Name: products_id_seq; Type: SEQUENCE; Schema: public; Owner: justclothing_user
--

ALTER TABLE public.products ALTER COLUMN id ADD GENERATED BY DEFAULT AS IDENTITY (
    SEQUENCE NAME public.products_id_seq
    START WITH 1
    INCREMENT BY 1
    NO MINVALUE
    NO MAXVALUE
    CACHE 1
);


--
-- Name: promo_codes; Type: TABLE; Schema: public; Owner: justclothing_user
--

CREATE TABLE public.promo_codes (
    id bigint NOT NULL,
    code character varying(50) NOT NULL,
    usage_count integer NOT NULL,
    usage_limit integer,
    is_active boolean NOT NULL,
    created_at timestamp with time zone NOT NULL,
    promotion_id integer NOT NULL,
    CONSTRAINT promo_codes_usage_count_check CHECK ((usage_count >= 0)),
    CONSTRAINT promo_codes_usage_limit_check CHECK ((usage_limit >= 0))
);


ALTER TABLE public.promo_codes OWNER TO justclothing_user;

--
-- Name: promo_codes_id_seq; Type: SEQUENCE; Schema: public; Owner: justclothing_user
--

ALTER TABLE public.promo_codes ALTER COLUMN id ADD GENERATED BY DEFAULT AS IDENTITY (
    SEQUENCE NAME public.promo_codes_id_seq
    START WITH 1
    INCREMENT BY 1
    NO MINVALUE
    NO MAXVALUE
    CACHE 1
);


--
-- Name: promo_impressions; Type: TABLE; Schema: public; Owner: justclothing_user
--

CREATE TABLE public.promo_impressions (
    id bigint NOT NULL,
    session_key character varying(100) NOT NULL,
    user_agent text NOT NULL,
    ip_address inet,
    referrer character varying(200) NOT NULL,
    viewed_at timestamp with time zone NOT NULL,
    clicked_at timestamp with time zone,
    converted_at timestamp with time zone,
    featured_promo_id bigint NOT NULL,
    user_id bigint
);


ALTER TABLE public.promo_impressions OWNER TO justclothing_user;

--
-- Name: promo_impressions_id_seq; Type: SEQUENCE; Schema: public; Owner: justclothing_user
--

ALTER TABLE public.promo_impressions ALTER COLUMN id ADD GENERATED BY DEFAULT AS IDENTITY (
    SEQUENCE NAME public.promo_impressions_id_seq
    START WITH 1
    INCREMENT BY 1
    NO MINVALUE
    NO MAXVALUE
    CACHE 1
);


--
-- Name: promo_requests; Type: TABLE; Schema: public; Owner: justclothing_user
--

CREATE TABLE public.promo_requests (
    id bigint NOT NULL,
    request_type character varying(20) NOT NULL,
    title character varying(200) NOT NULL,
    description text NOT NULL,
    budget numeric(10,2),
    duration_days integer NOT NULL,
    media_files character varying(100),
    status character varying(15) NOT NULL,
    reviewed_at timestamp with time zone,
    review_notes text NOT NULL,
    created_at timestamp with time zone NOT NULL,
    updated_at timestamp with time zone NOT NULL,
    reviewed_by_id bigint,
    seller_id integer NOT NULL,
    CONSTRAINT promo_requests_duration_days_check CHECK ((duration_days >= 0))
);


ALTER TABLE public.promo_requests OWNER TO justclothing_user;

--
-- Name: promo_requests_id_seq; Type: SEQUENCE; Schema: public; Owner: justclothing_user
--

ALTER TABLE public.promo_requests ALTER COLUMN id ADD GENERATED BY DEFAULT AS IDENTITY (
    SEQUENCE NAME public.promo_requests_id_seq
    START WITH 1
    INCREMENT BY 1
    NO MINVALUE
    NO MAXVALUE
    CACHE 1
);


--
-- Name: promo_requests_target_products; Type: TABLE; Schema: public; Owner: justclothing_user
--

CREATE TABLE public.promo_requests_target_products (
    id bigint NOT NULL,
    promorequest_id bigint NOT NULL,
    product_id integer NOT NULL
);


ALTER TABLE public.promo_requests_target_products OWNER TO justclothing_user;

--
-- Name: promo_requests_target_products_id_seq; Type: SEQUENCE; Schema: public; Owner: justclothing_user
--

ALTER TABLE public.promo_requests_target_products ALTER COLUMN id ADD GENERATED BY DEFAULT AS IDENTITY (
    SEQUENCE NAME public.promo_requests_target_products_id_seq
    START WITH 1
    INCREMENT BY 1
    NO MINVALUE
    NO MAXVALUE
    CACHE 1
);


--
-- Name: promo_usages; Type: TABLE; Schema: public; Owner: justclothing_user
--

CREATE TABLE public.promo_usages (
    id bigint NOT NULL,
    discount_amount numeric(10,2) NOT NULL,
    used_at timestamp with time zone NOT NULL,
    order_id character varying(20),
    promo_code_id bigint,
    promotion_id integer NOT NULL,
    user_id bigint NOT NULL
);


ALTER TABLE public.promo_usages OWNER TO justclothing_user;

--
-- Name: promo_usages_id_seq; Type: SEQUENCE; Schema: public; Owner: justclothing_user
--

ALTER TABLE public.promo_usages ALTER COLUMN id ADD GENERATED BY DEFAULT AS IDENTITY (
    SEQUENCE NAME public.promo_usages_id_seq
    START WITH 1
    INCREMENT BY 1
    NO MINVALUE
    NO MAXVALUE
    CACHE 1
);


--
-- Name: promotional_campaigns; Type: TABLE; Schema: public; Owner: justclothing_user
--

CREATE TABLE public.promotional_campaigns (
    id integer NOT NULL,
    name character varying(200) NOT NULL,
    description text NOT NULL,
    start_date timestamp with time zone NOT NULL,
    end_date timestamp with time zone NOT NULL,
    budget numeric(10,2),
    status character varying(15) NOT NULL,
    approved_at timestamp with time zone,
    rejection_reason text NOT NULL,
    impressions integer NOT NULL,
    clicks integer NOT NULL,
    conversions integer NOT NULL,
    created_at timestamp with time zone NOT NULL,
    updated_at timestamp with time zone NOT NULL,
    approved_by_id bigint,
    seller_id integer NOT NULL,
    CONSTRAINT promotional_campaigns_clicks_check CHECK ((clicks >= 0)),
    CONSTRAINT promotional_campaigns_conversions_check CHECK ((conversions >= 0)),
    CONSTRAINT promotional_campaigns_impressions_check CHECK ((impressions >= 0))
);


ALTER TABLE public.promotional_campaigns OWNER TO justclothing_user;

--
-- Name: promotional_campaigns_id_seq; Type: SEQUENCE; Schema: public; Owner: justclothing_user
--

ALTER TABLE public.promotional_campaigns ALTER COLUMN id ADD GENERATED BY DEFAULT AS IDENTITY (
    SEQUENCE NAME public.promotional_campaigns_id_seq
    START WITH 1
    INCREMENT BY 1
    NO MINVALUE
    NO MAXVALUE
    CACHE 1
);


--
-- Name: promotional_campaigns_target_categories; Type: TABLE; Schema: public; Owner: justclothing_user
--

CREATE TABLE public.promotional_campaigns_target_categories (
    id bigint NOT NULL,
    promotionalcampaign_id integer NOT NULL,
    category_id bigint NOT NULL
);


ALTER TABLE public.promotional_campaigns_target_categories OWNER TO justclothing_user;

--
-- Name: promotional_campaigns_target_categories_id_seq; Type: SEQUENCE; Schema: public; Owner: justclothing_user
--

ALTER TABLE public.promotional_campaigns_target_categories ALTER COLUMN id ADD GENERATED BY DEFAULT AS IDENTITY (
    SEQUENCE NAME public.promotional_campaigns_target_categories_id_seq
    START WITH 1
    INCREMENT BY 1
    NO MINVALUE
    NO MAXVALUE
    CACHE 1
);


--
-- Name: promotional_campaigns_target_products; Type: TABLE; Schema: public; Owner: justclothing_user
--

CREATE TABLE public.promotional_campaigns_target_products (
    id bigint NOT NULL,
    promotionalcampaign_id integer NOT NULL,
    product_id integer NOT NULL
);


ALTER TABLE public.promotional_campaigns_target_products OWNER TO justclothing_user;

--
-- Name: promotional_campaigns_target_products_id_seq; Type: SEQUENCE; Schema: public; Owner: justclothing_user
--

ALTER TABLE public.promotional_campaigns_target_products ALTER COLUMN id ADD GENERATED BY DEFAULT AS IDENTITY (
    SEQUENCE NAME public.promotional_campaigns_target_products_id_seq
    START WITH 1
    INCREMENT BY 1
    NO MINVALUE
    NO MAXVALUE
    CACHE 1
);


--
-- Name: promotions; Type: TABLE; Schema: public; Owner: justclothing_user
--

CREATE TABLE public.promotions (
    id integer NOT NULL,
    name character varying(200) NOT NULL,
    description text NOT NULL,
    promotion_type character varying(20) NOT NULL,
    discount_percentage numeric(5,2),
    discount_amount numeric(10,2),
    buy_quantity integer,
    get_quantity integer,
    minimum_order_amount numeric(10,2),
    minimum_quantity integer,
    usage_limit integer,
    usage_limit_per_customer integer,
    usage_count integer NOT NULL,
    start_date timestamp with time zone NOT NULL,
    end_date timestamp with time zone NOT NULL,
    status character varying(15) NOT NULL,
    is_featured boolean NOT NULL,
    created_at timestamp with time zone NOT NULL,
    updated_at timestamp with time zone NOT NULL,
    created_by_id bigint,
    CONSTRAINT promotions_buy_quantity_check CHECK ((buy_quantity >= 0)),
    CONSTRAINT promotions_get_quantity_check CHECK ((get_quantity >= 0)),
    CONSTRAINT promotions_minimum_quantity_check CHECK ((minimum_quantity >= 0)),
    CONSTRAINT promotions_usage_count_check CHECK ((usage_count >= 0)),
    CONSTRAINT promotions_usage_limit_check CHECK ((usage_limit >= 0)),
    CONSTRAINT promotions_usage_limit_per_customer_check CHECK ((usage_limit_per_customer >= 0))
);


ALTER TABLE public.promotions OWNER TO justclothing_user;

--
-- Name: promotions_applicable_categories; Type: TABLE; Schema: public; Owner: justclothing_user
--

CREATE TABLE public.promotions_applicable_categories (
    id bigint NOT NULL,
    promotion_id integer NOT NULL,
    category_id bigint NOT NULL
);


ALTER TABLE public.promotions_applicable_categories OWNER TO justclothing_user;

--
-- Name: promotions_applicable_categories_id_seq; Type: SEQUENCE; Schema: public; Owner: justclothing_user
--

ALTER TABLE public.promotions_applicable_categories ALTER COLUMN id ADD GENERATED BY DEFAULT AS IDENTITY (
    SEQUENCE NAME public.promotions_applicable_categories_id_seq
    START WITH 1
    INCREMENT BY 1
    NO MINVALUE
    NO MAXVALUE
    CACHE 1
);


--
-- Name: promotions_applicable_products; Type: TABLE; Schema: public; Owner: justclothing_user
--

CREATE TABLE public.promotions_applicable_products (
    id bigint NOT NULL,
    promotion_id integer NOT NULL,
    product_id integer NOT NULL
);


ALTER TABLE public.promotions_applicable_products OWNER TO justclothing_user;

--
-- Name: promotions_applicable_products_id_seq; Type: SEQUENCE; Schema: public; Owner: justclothing_user
--

ALTER TABLE public.promotions_applicable_products ALTER COLUMN id ADD GENERATED BY DEFAULT AS IDENTITY (
    SEQUENCE NAME public.promotions_applicable_products_id_seq
    START WITH 1
    INCREMENT BY 1
    NO MINVALUE
    NO MAXVALUE
    CACHE 1
);


--
-- Name: promotions_applicable_sellers; Type: TABLE; Schema: public; Owner: justclothing_user
--

CREATE TABLE public.promotions_applicable_sellers (
    id bigint NOT NULL,
    promotion_id integer NOT NULL,
    sellerprofile_id integer NOT NULL
);


ALTER TABLE public.promotions_applicable_sellers OWNER TO justclothing_user;

--
-- Name: promotions_applicable_sellers_id_seq; Type: SEQUENCE; Schema: public; Owner: justclothing_user
--

ALTER TABLE public.promotions_applicable_sellers ALTER COLUMN id ADD GENERATED BY DEFAULT AS IDENTITY (
    SEQUENCE NAME public.promotions_applicable_sellers_id_seq
    START WITH 1
    INCREMENT BY 1
    NO MINVALUE
    NO MAXVALUE
    CACHE 1
);


--
-- Name: promotions_id_seq; Type: SEQUENCE; Schema: public; Owner: justclothing_user
--

ALTER TABLE public.promotions ALTER COLUMN id ADD GENERATED BY DEFAULT AS IDENTITY (
    SEQUENCE NAME public.promotions_id_seq
    START WITH 1
    INCREMENT BY 1
    NO MINVALUE
    NO MAXVALUE
    CACHE 1
);


--
-- Name: review_images; Type: TABLE; Schema: public; Owner: justclothing_user
--

CREATE TABLE public.review_images (
    id bigint NOT NULL,
    image character varying(100) NOT NULL,
    caption character varying(255) NOT NULL,
    created_at timestamp with time zone NOT NULL,
    review_id integer NOT NULL
);


ALTER TABLE public.review_images OWNER TO justclothing_user;

--
-- Name: review_images_id_seq; Type: SEQUENCE; Schema: public; Owner: justclothing_user
--

ALTER TABLE public.review_images ALTER COLUMN id ADD GENERATED BY DEFAULT AS IDENTITY (
    SEQUENCE NAME public.review_images_id_seq
    START WITH 1
    INCREMENT BY 1
    NO MINVALUE
    NO MAXVALUE
    CACHE 1
);


--
-- Name: review_replies; Type: TABLE; Schema: public; Owner: justclothing_user
--

CREATE TABLE public.review_replies (
    id bigint NOT NULL,
    content text NOT NULL,
    is_approved boolean NOT NULL,
    moderated_at timestamp with time zone,
    created_at timestamp with time zone NOT NULL,
    updated_at timestamp with time zone NOT NULL,
    moderated_by_id bigint,
    review_id integer NOT NULL,
    seller_id integer NOT NULL
);


ALTER TABLE public.review_replies OWNER TO justclothing_user;

--
-- Name: review_replies_id_seq; Type: SEQUENCE; Schema: public; Owner: justclothing_user
--

ALTER TABLE public.review_replies ALTER COLUMN id ADD GENERATED BY DEFAULT AS IDENTITY (
    SEQUENCE NAME public.review_replies_id_seq
    START WITH 1
    INCREMENT BY 1
    NO MINVALUE
    NO MAXVALUE
    CACHE 1
);


--
-- Name: review_reports; Type: TABLE; Schema: public; Owner: justclothing_user
--

CREATE TABLE public.review_reports (
    id bigint NOT NULL,
    reason character varying(20) NOT NULL,
    description text NOT NULL,
    is_resolved boolean NOT NULL,
    resolved_at timestamp with time zone,
    created_at timestamp with time zone NOT NULL,
    reported_by_id bigint NOT NULL,
    resolved_by_id bigint,
    review_id integer NOT NULL
);


ALTER TABLE public.review_reports OWNER TO justclothing_user;

--
-- Name: review_reports_id_seq; Type: SEQUENCE; Schema: public; Owner: justclothing_user
--

ALTER TABLE public.review_reports ALTER COLUMN id ADD GENERATED BY DEFAULT AS IDENTITY (
    SEQUENCE NAME public.review_reports_id_seq
    START WITH 1
    INCREMENT BY 1
    NO MINVALUE
    NO MAXVALUE
    CACHE 1
);


--
-- Name: review_votes; Type: TABLE; Schema: public; Owner: justclothing_user
--

CREATE TABLE public.review_votes (
    id bigint NOT NULL,
    vote_type character varying(15) NOT NULL,
    created_at timestamp with time zone NOT NULL,
    review_id integer NOT NULL,
    user_id bigint NOT NULL
);


ALTER TABLE public.review_votes OWNER TO justclothing_user;

--
-- Name: review_votes_id_seq; Type: SEQUENCE; Schema: public; Owner: justclothing_user
--

ALTER TABLE public.review_votes ALTER COLUMN id ADD GENERATED BY DEFAULT AS IDENTITY (
    SEQUENCE NAME public.review_votes_id_seq
    START WITH 1
    INCREMENT BY 1
    NO MINVALUE
    NO MAXVALUE
    CACHE 1
);


--
-- Name: reviews; Type: TABLE; Schema: public; Owner: justclothing_user
--

CREATE TABLE public.reviews (
    id integer NOT NULL,
    "productId" integer,
    rating integer NOT NULL,
    content text NOT NULL,
    review_type character varying(10) NOT NULL,
    is_approved boolean NOT NULL,
    is_featured boolean NOT NULL,
    moderated_at timestamp with time zone,
    created_at timestamp with time zone NOT NULL,
    "createdAt" timestamp with time zone NOT NULL,
    updated_at timestamp with time zone NOT NULL,
    moderated_by_id bigint,
    order_id character varying(20),
    product_id integer,
    seller_id integer,
    user_id bigint NOT NULL,
    CONSTRAINT reviews_rating_check CHECK ((rating >= 0))
);


ALTER TABLE public.reviews OWNER TO justclothing_user;

--
-- Name: reviews_id_seq; Type: SEQUENCE; Schema: public; Owner: justclothing_user
--

ALTER TABLE public.reviews ALTER COLUMN id ADD GENERATED BY DEFAULT AS IDENTITY (
    SEQUENCE NAME public.reviews_id_seq
    START WITH 1
    INCREMENT BY 1
    NO MINVALUE
    NO MAXVALUE
    CACHE 1
);


--
-- Name: seller_analytics; Type: TABLE; Schema: public; Owner: justclothing_user
--

CREATE TABLE public.seller_analytics (
    id bigint NOT NULL,
    date date NOT NULL,
    total_orders integer NOT NULL,
    total_revenue_currency character varying(3) NOT NULL,
    total_revenue numeric(12,2) NOT NULL,
    total_items_sold integer NOT NULL,
    average_order_value_currency character varying(3) NOT NULL,
    average_order_value numeric(10,2) NOT NULL,
    total_products integer NOT NULL,
    active_products integer NOT NULL,
    out_of_stock_products integer NOT NULL,
    new_customers integer NOT NULL,
    returning_customers integer NOT NULL,
    new_reviews integer NOT NULL,
    average_rating numeric(3,2),
    store_views integer,
    product_views integer,
    created_at timestamp with time zone NOT NULL,
    updated_at timestamp with time zone NOT NULL,
    seller_id integer NOT NULL,
    CONSTRAINT seller_analytics_active_products_check CHECK ((active_products >= 0)),
    CONSTRAINT seller_analytics_new_customers_check CHECK ((new_customers >= 0)),
    CONSTRAINT seller_analytics_new_reviews_check CHECK ((new_reviews >= 0)),
    CONSTRAINT seller_analytics_out_of_stock_products_check CHECK ((out_of_stock_products >= 0)),
    CONSTRAINT seller_analytics_product_views_check CHECK ((product_views >= 0)),
    CONSTRAINT seller_analytics_returning_customers_check CHECK ((returning_customers >= 0)),
    CONSTRAINT seller_analytics_store_views_check CHECK ((store_views >= 0)),
    CONSTRAINT seller_analytics_total_items_sold_check CHECK ((total_items_sold >= 0)),
    CONSTRAINT seller_analytics_total_orders_check CHECK ((total_orders >= 0)),
    CONSTRAINT seller_analytics_total_products_check CHECK ((total_products >= 0))
);


ALTER TABLE public.seller_analytics OWNER TO justclothing_user;

--
-- Name: seller_analytics_id_seq; Type: SEQUENCE; Schema: public; Owner: justclothing_user
--

ALTER TABLE public.seller_analytics ALTER COLUMN id ADD GENERATED BY DEFAULT AS IDENTITY (
    SEQUENCE NAME public.seller_analytics_id_seq
    START WITH 1
    INCREMENT BY 1
    NO MINVALUE
    NO MAXVALUE
    CACHE 1
);


--
-- Name: seller_followers; Type: TABLE; Schema: public; Owner: justclothing_user
--

CREATE TABLE public.seller_followers (
    id bigint NOT NULL,
    followed_at timestamp with time zone NOT NULL,
    user_id bigint NOT NULL,
    seller_id integer NOT NULL
);


ALTER TABLE public.seller_followers OWNER TO justclothing_user;

--
-- Name: seller_followers_id_seq; Type: SEQUENCE; Schema: public; Owner: justclothing_user
--

ALTER TABLE public.seller_followers ALTER COLUMN id ADD GENERATED BY DEFAULT AS IDENTITY (
    SEQUENCE NAME public.seller_followers_id_seq
    START WITH 1
    INCREMENT BY 1
    NO MINVALUE
    NO MAXVALUE
    CACHE 1
);


--
-- Name: seller_homepage_products; Type: TABLE; Schema: public; Owner: justclothing_user
--

CREATE TABLE public.seller_homepage_products (
    id bigint NOT NULL,
    "order" integer NOT NULL,
    created_at timestamp with time zone NOT NULL,
    updated_at timestamp with time zone NOT NULL,
    product_id integer NOT NULL,
    seller_id integer NOT NULL,
    CONSTRAINT seller_homepage_products_order_check CHECK (("order" >= 0))
);


ALTER TABLE public.seller_homepage_products OWNER TO justclothing_user;

--
-- Name: seller_homepage_products_id_seq; Type: SEQUENCE; Schema: public; Owner: justclothing_user
--

ALTER TABLE public.seller_homepage_products ALTER COLUMN id ADD GENERATED BY DEFAULT AS IDENTITY (
    SEQUENCE NAME public.seller_homepage_products_id_seq
    START WITH 1
    INCREMENT BY 1
    NO MINVALUE
    NO MAXVALUE
    CACHE 1
);


--
-- Name: seller_profiles; Type: TABLE; Schema: public; Owner: justclothing_user
--

CREATE TABLE public.seller_profiles (
    id integer NOT NULL,
    business_name character varying(200) NOT NULL,
    business_description text NOT NULL,
    business_type character varying(50) NOT NULL,
    phone_number character varying(128) NOT NULL,
    business_address text NOT NULL,
    business_license character varying(100),
    tax_id character varying(50),
    name character varying(200) NOT NULL,
    bio text NOT NULL,
    verified boolean NOT NULL,
    followers integer NOT NULL,
    "productsCount" integer NOT NULL,
    "joinedDate" date,
    instagram character varying(200) NOT NULL,
    facebook character varying(200) NOT NULL,
    payment_method character varying(50) NOT NULL,
    account_number character varying(100) NOT NULL,
    bank_name character varying(100) NOT NULL,
    branch_name character varying(100) NOT NULL,
    status character varying(15) NOT NULL,
    verification_documents character varying(100),
    approved_at timestamp with time zone,
    total_sales numeric(12,2) NOT NULL,
    rating numeric(3,2) NOT NULL,
    total_reviews integer NOT NULL,
    logo character varying(100),
    banner_image character varying(100),
    created_at timestamp with time zone NOT NULL,
    updated_at timestamp with time zone NOT NULL,
    approved_by_id bigint,
    user_id bigint NOT NULL,
    CONSTRAINT seller_profiles_followers_check CHECK ((followers >= 0)),
    CONSTRAINT "seller_profiles_productsCount_check" CHECK (("productsCount" >= 0)),
    CONSTRAINT seller_profiles_total_reviews_check CHECK ((total_reviews >= 0))
);


ALTER TABLE public.seller_profiles OWNER TO justclothing_user;

--
-- Name: seller_profiles_id_seq; Type: SEQUENCE; Schema: public; Owner: justclothing_user
--

ALTER TABLE public.seller_profiles ALTER COLUMN id ADD GENERATED BY DEFAULT AS IDENTITY (
    SEQUENCE NAME public.seller_profiles_id_seq
    START WITH 1
    INCREMENT BY 1
    NO MINVALUE
    NO MAXVALUE
    CACHE 1
);


--
-- Name: seller_promo_requests; Type: TABLE; Schema: public; Owner: justclothing_user
--

CREATE TABLE public.seller_promo_requests (
    id bigint NOT NULL,
    requested_code character varying(50) NOT NULL,
    requested_name character varying(200) NOT NULL,
    requested_description text NOT NULL,
    requested_type character varying(20) NOT NULL,
    requested_discount_percentage numeric(5,2),
    requested_discount_amount_currency character varying(3),
    requested_discount_amount numeric(10,2),
    requested_minimum_order_amount_currency character varying(3),
    requested_minimum_order_amount numeric(10,2),
    requested_usage_limit integer,
    requested_start_date timestamp with time zone NOT NULL,
    requested_end_date timestamp with time zone NOT NULL,
    status character varying(15) NOT NULL,
    reviewed_at timestamp with time zone,
    review_notes text NOT NULL,
    created_at timestamp with time zone NOT NULL,
    created_promo_id bigint,
    reviewed_by_id bigint,
    seller_id integer NOT NULL,
    CONSTRAINT seller_promo_requests_requested_usage_limit_check CHECK ((requested_usage_limit >= 0))
);


ALTER TABLE public.seller_promo_requests OWNER TO justclothing_user;

--
-- Name: seller_promo_requests_id_seq; Type: SEQUENCE; Schema: public; Owner: justclothing_user
--

ALTER TABLE public.seller_promo_requests ALTER COLUMN id ADD GENERATED BY DEFAULT AS IDENTITY (
    SEQUENCE NAME public.seller_promo_requests_id_seq
    START WITH 1
    INCREMENT BY 1
    NO MINVALUE
    NO MAXVALUE
    CACHE 1
);


--
-- Name: seller_revenue_tracker; Type: TABLE; Schema: public; Owner: justclothing_user
--

CREATE TABLE public.seller_revenue_tracker (
    id bigint NOT NULL,
    monthly_target_currency character varying(3) NOT NULL,
    monthly_target numeric(12,2) NOT NULL,
    current_month_revenue_currency character varying(3) NOT NULL,
    current_month_revenue numeric(12,2) NOT NULL,
    quarterly_target_currency character varying(3) NOT NULL,
    quarterly_target numeric(12,2) NOT NULL,
    current_quarter_revenue_currency character varying(3) NOT NULL,
    current_quarter_revenue numeric(12,2) NOT NULL,
    annual_target_currency character varying(3) NOT NULL,
    annual_target numeric(12,2) NOT NULL,
    current_year_revenue_currency character varying(3) NOT NULL,
    current_year_revenue numeric(12,2) NOT NULL,
    best_month_revenue_currency character varying(3) NOT NULL,
    best_month_revenue numeric(12,2) NOT NULL,
    best_month_date date,
    best_day_revenue_currency character varying(3) NOT NULL,
    best_day_revenue numeric(10,2) NOT NULL,
    best_day_date date,
    created_at timestamp with time zone NOT NULL,
    updated_at timestamp with time zone NOT NULL,
    seller_id integer NOT NULL
);


ALTER TABLE public.seller_revenue_tracker OWNER TO justclothing_user;

--
-- Name: seller_revenue_tracker_id_seq; Type: SEQUENCE; Schema: public; Owner: justclothing_user
--

ALTER TABLE public.seller_revenue_tracker ALTER COLUMN id ADD GENERATED BY DEFAULT AS IDENTITY (
    SEQUENCE NAME public.seller_revenue_tracker_id_seq
    START WITH 1
    INCREMENT BY 1
    NO MINVALUE
    NO MAXVALUE
    CACHE 1
);


--
-- Name: seller_reviews; Type: TABLE; Schema: public; Owner: justclothing_user
--

CREATE TABLE public.seller_reviews (
    id integer NOT NULL,
    rating integer NOT NULL,
    content text NOT NULL,
    communication_rating integer,
    shipping_rating integer,
    quality_rating integer,
    is_approved boolean NOT NULL,
    moderated_at timestamp with time zone,
    created_at timestamp with time zone NOT NULL,
    updated_at timestamp with time zone NOT NULL,
    moderated_by_id bigint,
    order_id character varying(20),
    seller_id integer NOT NULL,
    user_id bigint NOT NULL,
    CONSTRAINT seller_reviews_communication_rating_check CHECK ((communication_rating >= 0)),
    CONSTRAINT seller_reviews_quality_rating_check CHECK ((quality_rating >= 0)),
    CONSTRAINT seller_reviews_rating_check CHECK ((rating >= 0)),
    CONSTRAINT seller_reviews_shipping_rating_check CHECK ((shipping_rating >= 0))
);


ALTER TABLE public.seller_reviews OWNER TO justclothing_user;

--
-- Name: seller_reviews_id_seq; Type: SEQUENCE; Schema: public; Owner: justclothing_user
--

ALTER TABLE public.seller_reviews ALTER COLUMN id ADD GENERATED BY DEFAULT AS IDENTITY (
    SEQUENCE NAME public.seller_reviews_id_seq
    START WITH 1
    INCREMENT BY 1
    NO MINVALUE
    NO MAXVALUE
    CACHE 1
);


--
-- Name: seller_team_members; Type: TABLE; Schema: public; Owner: justclothing_user
--

CREATE TABLE public.seller_team_members (
    id bigint NOT NULL,
    role character varying(20) NOT NULL,
    permissions character varying(10) NOT NULL,
    is_active boolean NOT NULL,
    joined_at timestamp with time zone NOT NULL,
    invited_by_id bigint,
    seller_id integer NOT NULL,
    user_id bigint NOT NULL
);


ALTER TABLE public.seller_team_members OWNER TO justclothing_user;

--
-- Name: seller_team_members_id_seq; Type: SEQUENCE; Schema: public; Owner: justclothing_user
--

ALTER TABLE public.seller_team_members ALTER COLUMN id ADD GENERATED BY DEFAULT AS IDENTITY (
    SEQUENCE NAME public.seller_team_members_id_seq
    START WITH 1
    INCREMENT BY 1
    NO MINVALUE
    NO MAXVALUE
    CACHE 1
);


--
-- Name: shipping_carriers; Type: TABLE; Schema: public; Owner: justclothing_user
--

CREATE TABLE public.shipping_carriers (
    id bigint NOT NULL,
    name character varying(100) NOT NULL,
    code character varying(20) NOT NULL,
    website character varying(200) NOT NULL,
    phone character varying(20) NOT NULL,
    email character varying(254) NOT NULL,
    api_enabled boolean NOT NULL,
    api_credentials jsonb NOT NULL,
    tracking_url_template character varying(500) NOT NULL,
    is_active boolean NOT NULL,
    created_at timestamp with time zone NOT NULL
);


ALTER TABLE public.shipping_carriers OWNER TO justclothing_user;

--
-- Name: shipping_carriers_id_seq; Type: SEQUENCE; Schema: public; Owner: justclothing_user
--

ALTER TABLE public.shipping_carriers ALTER COLUMN id ADD GENERATED BY DEFAULT AS IDENTITY (
    SEQUENCE NAME public.shipping_carriers_id_seq
    START WITH 1
    INCREMENT BY 1
    NO MINVALUE
    NO MAXVALUE
    CACHE 1
);


--
-- Name: shipping_labels; Type: TABLE; Schema: public; Owner: justclothing_user
--

CREATE TABLE public.shipping_labels (
    id uuid NOT NULL,
    tracking_number character varying(100) NOT NULL,
    tracking_url character varying(200) NOT NULL,
    label_file character varying(100) NOT NULL,
    label_format character varying(10) NOT NULL,
    weight numeric(8,2) NOT NULL,
    dimensions jsonb,
    declared_value_currency character varying(3),
    declared_value numeric(10,2),
    status character varying(15) NOT NULL,
    created_at timestamp with time zone NOT NULL,
    shipped_at timestamp with time zone,
    delivered_at timestamp with time zone,
    is_insured boolean NOT NULL,
    insurance_amount_currency character varying(3),
    insurance_amount numeric(10,2),
    requires_signature boolean NOT NULL,
    carrier_id bigint NOT NULL,
    order_id character varying(20) NOT NULL,
    method_id bigint NOT NULL
);


ALTER TABLE public.shipping_labels OWNER TO justclothing_user;

--
-- Name: shipping_methods; Type: TABLE; Schema: public; Owner: justclothing_user
--

CREATE TABLE public.shipping_methods (
    id bigint NOT NULL,
    name character varying(100) NOT NULL,
    description text NOT NULL,
    method_type character varying(20) NOT NULL,
    min_delivery_days integer NOT NULL,
    max_delivery_days integer NOT NULL,
    max_weight numeric(8,2),
    max_dimensions jsonb,
    is_active boolean NOT NULL,
    created_at timestamp with time zone NOT NULL,
    updated_at timestamp with time zone NOT NULL,
    CONSTRAINT shipping_methods_max_delivery_days_check CHECK ((max_delivery_days >= 0)),
    CONSTRAINT shipping_methods_min_delivery_days_check CHECK ((min_delivery_days >= 0))
);


ALTER TABLE public.shipping_methods OWNER TO justclothing_user;

--
-- Name: shipping_methods_id_seq; Type: SEQUENCE; Schema: public; Owner: justclothing_user
--

ALTER TABLE public.shipping_methods ALTER COLUMN id ADD GENERATED BY DEFAULT AS IDENTITY (
    SEQUENCE NAME public.shipping_methods_id_seq
    START WITH 1
    INCREMENT BY 1
    NO MINVALUE
    NO MAXVALUE
    CACHE 1
);


--
-- Name: shipping_rates; Type: TABLE; Schema: public; Owner: justclothing_user
--

CREATE TABLE public.shipping_rates (
    id bigint NOT NULL,
    calculation_type character varying(15) NOT NULL,
    base_rate_currency character varying(3) NOT NULL,
    base_rate numeric(10,2) NOT NULL,
    rate_per_kg_currency character varying(3),
    rate_per_kg numeric(10,2),
    free_shipping_threshold_currency character varying(3),
    free_shipping_threshold numeric(10,2),
    price_tiers jsonb NOT NULL,
    min_order_value_currency character varying(3),
    min_order_value numeric(10,2),
    max_order_value_currency character varying(3),
    max_order_value numeric(10,2),
    handling_fee_currency character varying(3) NOT NULL,
    handling_fee numeric(10,2) NOT NULL,
    fuel_surcharge_currency character varying(3) NOT NULL,
    fuel_surcharge numeric(10,2) NOT NULL,
    is_active boolean NOT NULL,
    created_at timestamp with time zone NOT NULL,
    updated_at timestamp with time zone NOT NULL,
    method_id bigint NOT NULL,
    zone_id bigint NOT NULL
);


ALTER TABLE public.shipping_rates OWNER TO justclothing_user;

--
-- Name: shipping_rates_id_seq; Type: SEQUENCE; Schema: public; Owner: justclothing_user
--

ALTER TABLE public.shipping_rates ALTER COLUMN id ADD GENERATED BY DEFAULT AS IDENTITY (
    SEQUENCE NAME public.shipping_rates_id_seq
    START WITH 1
    INCREMENT BY 1
    NO MINVALUE
    NO MAXVALUE
    CACHE 1
);


--
-- Name: shipping_settings; Type: TABLE; Schema: public; Owner: justclothing_user
--

CREATE TABLE public.shipping_settings (
    id bigint NOT NULL,
    default_weight_unit character varying(5) NOT NULL,
    default_dimension_unit character varying(5) NOT NULL,
    default_package_weight numeric(5,2) NOT NULL,
    auto_calculate_dimensions boolean NOT NULL,
    global_free_shipping_threshold_currency character varying(3),
    global_free_shipping_threshold numeric(10,2),
    free_shipping_message character varying(200) NOT NULL,
    processing_days integer NOT NULL,
    weekend_delivery boolean NOT NULL,
    holiday_delivery boolean NOT NULL,
    send_shipping_notifications boolean NOT NULL,
    send_delivery_notifications boolean NOT NULL,
    shipping_admin_email character varying(254) NOT NULL,
    shipping_admin_phone character varying(20) NOT NULL,
    created_at timestamp with time zone NOT NULL,
    updated_at timestamp with time zone NOT NULL,
    CONSTRAINT shipping_settings_processing_days_check CHECK ((processing_days >= 0))
);


ALTER TABLE public.shipping_settings OWNER TO justclothing_user;

--
-- Name: shipping_settings_id_seq; Type: SEQUENCE; Schema: public; Owner: justclothing_user
--

ALTER TABLE public.shipping_settings ALTER COLUMN id ADD GENERATED BY DEFAULT AS IDENTITY (
    SEQUENCE NAME public.shipping_settings_id_seq
    START WITH 1
    INCREMENT BY 1
    NO MINVALUE
    NO MAXVALUE
    CACHE 1
);


--
-- Name: shipping_zones; Type: TABLE; Schema: public; Owner: justclothing_user
--

CREATE TABLE public.shipping_zones (
    id bigint NOT NULL,
    name character varying(100) NOT NULL,
    description text NOT NULL,
    countries jsonb NOT NULL,
    states jsonb NOT NULL,
    cities jsonb NOT NULL,
    postal_codes jsonb NOT NULL,
    is_active boolean NOT NULL,
    created_at timestamp with time zone NOT NULL,
    updated_at timestamp with time zone NOT NULL
);


ALTER TABLE public.shipping_zones OWNER TO justclothing_user;

--
-- Name: shipping_zones_id_seq; Type: SEQUENCE; Schema: public; Owner: justclothing_user
--

ALTER TABLE public.shipping_zones ALTER COLUMN id ADD GENERATED BY DEFAULT AS IDENTITY (
    SEQUENCE NAME public.shipping_zones_id_seq
    START WITH 1
    INCREMENT BY 1
    NO MINVALUE
    NO MAXVALUE
    CACHE 1
);


--
-- Name: socialaccount_socialaccount; Type: TABLE; Schema: public; Owner: justclothing_user
--

CREATE TABLE public.socialaccount_socialaccount (
    id integer NOT NULL,
    provider character varying(200) NOT NULL,
    uid character varying(191) NOT NULL,
    last_login timestamp with time zone NOT NULL,
    date_joined timestamp with time zone NOT NULL,
    extra_data text NOT NULL,
    user_id bigint NOT NULL
);


ALTER TABLE public.socialaccount_socialaccount OWNER TO justclothing_user;

--
-- Name: socialaccount_socialaccount_id_seq; Type: SEQUENCE; Schema: public; Owner: justclothing_user
--

ALTER TABLE public.socialaccount_socialaccount ALTER COLUMN id ADD GENERATED BY DEFAULT AS IDENTITY (
    SEQUENCE NAME public.socialaccount_socialaccount_id_seq
    START WITH 1
    INCREMENT BY 1
    NO MINVALUE
    NO MAXVALUE
    CACHE 1
);


--
-- Name: socialaccount_socialapp; Type: TABLE; Schema: public; Owner: justclothing_user
--

CREATE TABLE public.socialaccount_socialapp (
    id integer NOT NULL,
    provider character varying(30) NOT NULL,
    name character varying(40) NOT NULL,
    client_id character varying(191) NOT NULL,
    secret character varying(191) NOT NULL,
    key character varying(191) NOT NULL,
    provider_id character varying(200) NOT NULL,
    settings jsonb NOT NULL
);


ALTER TABLE public.socialaccount_socialapp OWNER TO justclothing_user;

--
-- Name: socialaccount_socialapp_id_seq; Type: SEQUENCE; Schema: public; Owner: justclothing_user
--

ALTER TABLE public.socialaccount_socialapp ALTER COLUMN id ADD GENERATED BY DEFAULT AS IDENTITY (
    SEQUENCE NAME public.socialaccount_socialapp_id_seq
    START WITH 1
    INCREMENT BY 1
    NO MINVALUE
    NO MAXVALUE
    CACHE 1
);


--
-- Name: socialaccount_socialapp_sites; Type: TABLE; Schema: public; Owner: justclothing_user
--

CREATE TABLE public.socialaccount_socialapp_sites (
    id bigint NOT NULL,
    socialapp_id integer NOT NULL,
    site_id integer NOT NULL
);


ALTER TABLE public.socialaccount_socialapp_sites OWNER TO justclothing_user;

--
-- Name: socialaccount_socialapp_sites_id_seq; Type: SEQUENCE; Schema: public; Owner: justclothing_user
--

ALTER TABLE public.socialaccount_socialapp_sites ALTER COLUMN id ADD GENERATED BY DEFAULT AS IDENTITY (
    SEQUENCE NAME public.socialaccount_socialapp_sites_id_seq
    START WITH 1
    INCREMENT BY 1
    NO MINVALUE
    NO MAXVALUE
    CACHE 1
);


--
-- Name: socialaccount_socialtoken; Type: TABLE; Schema: public; Owner: justclothing_user
--

CREATE TABLE public.socialaccount_socialtoken (
    id integer NOT NULL,
    token text NOT NULL,
    token_secret text NOT NULL,
    expires_at timestamp with time zone,
    account_id integer NOT NULL,
    app_id integer
);


ALTER TABLE public.socialaccount_socialtoken OWNER TO justclothing_user;

--
-- Name: socialaccount_socialtoken_id_seq; Type: SEQUENCE; Schema: public; Owner: justclothing_user
--

ALTER TABLE public.socialaccount_socialtoken ALTER COLUMN id ADD GENERATED BY DEFAULT AS IDENTITY (
    SEQUENCE NAME public.socialaccount_socialtoken_id_seq
    START WITH 1
    INCREMENT BY 1
    NO MINVALUE
    NO MAXVALUE
    CACHE 1
);


--
-- Name: taggit_tag; Type: TABLE; Schema: public; Owner: justclothing_user
--

CREATE TABLE public.taggit_tag (
    id integer NOT NULL,
    name character varying(100) NOT NULL,
    slug character varying(100) NOT NULL
);


ALTER TABLE public.taggit_tag OWNER TO justclothing_user;

--
-- Name: taggit_tag_id_seq; Type: SEQUENCE; Schema: public; Owner: justclothing_user
--

ALTER TABLE public.taggit_tag ALTER COLUMN id ADD GENERATED BY DEFAULT AS IDENTITY (
    SEQUENCE NAME public.taggit_tag_id_seq
    START WITH 1
    INCREMENT BY 1
    NO MINVALUE
    NO MAXVALUE
    CACHE 1
);


--
-- Name: taggit_taggeditem; Type: TABLE; Schema: public; Owner: justclothing_user
--

CREATE TABLE public.taggit_taggeditem (
    id integer NOT NULL,
    object_id integer NOT NULL,
    content_type_id integer NOT NULL,
    tag_id integer NOT NULL
);


ALTER TABLE public.taggit_taggeditem OWNER TO justclothing_user;

--
-- Name: taggit_taggeditem_id_seq; Type: SEQUENCE; Schema: public; Owner: justclothing_user
--

ALTER TABLE public.taggit_taggeditem ALTER COLUMN id ADD GENERATED BY DEFAULT AS IDENTITY (
    SEQUENCE NAME public.taggit_taggeditem_id_seq
    START WITH 1
    INCREMENT BY 1
    NO MINVALUE
    NO MAXVALUE
    CACHE 1
);


--
-- Name: user_notifications; Type: TABLE; Schema: public; Owner: justclothing_user
--

CREATE TABLE public.user_notifications (
    id uuid NOT NULL,
    type character varying(30) NOT NULL,
    title character varying(200) NOT NULL,
    message text NOT NULL,
    data jsonb NOT NULL,
    is_read boolean NOT NULL,
    read_at timestamp with time zone,
    created_at timestamp with time zone NOT NULL,
    related_order_id character varying(20),
    related_product_id integer,
    user_id bigint NOT NULL
);


ALTER TABLE public.user_notifications OWNER TO justclothing_user;

--
-- Name: users; Type: TABLE; Schema: public; Owner: justclothing_user
--

CREATE TABLE public.users (
    id bigint NOT NULL,
    password character varying(128) NOT NULL,
    last_login timestamp with time zone,
    is_superuser boolean NOT NULL,
    username character varying(150) NOT NULL,
    first_name character varying(150) NOT NULL,
    last_name character varying(150) NOT NULL,
    is_staff boolean NOT NULL,
    is_active boolean NOT NULL,
    date_joined timestamp with time zone NOT NULL,
    email character varying(254) NOT NULL,
    user_type character varying(10) NOT NULL,
    is_verified boolean NOT NULL,
    created_at timestamp with time zone NOT NULL,
    updated_at timestamp with time zone NOT NULL
);


ALTER TABLE public.users OWNER TO justclothing_user;

--
-- Name: users_groups; Type: TABLE; Schema: public; Owner: justclothing_user
--

CREATE TABLE public.users_groups (
    id bigint NOT NULL,
    user_id bigint NOT NULL,
    group_id integer NOT NULL
);


ALTER TABLE public.users_groups OWNER TO justclothing_user;

--
-- Name: users_groups_id_seq; Type: SEQUENCE; Schema: public; Owner: justclothing_user
--

ALTER TABLE public.users_groups ALTER COLUMN id ADD GENERATED BY DEFAULT AS IDENTITY (
    SEQUENCE NAME public.users_groups_id_seq
    START WITH 1
    INCREMENT BY 1
    NO MINVALUE
    NO MAXVALUE
    CACHE 1
);


--
-- Name: users_id_seq; Type: SEQUENCE; Schema: public; Owner: justclothing_user
--

ALTER TABLE public.users ALTER COLUMN id ADD GENERATED BY DEFAULT AS IDENTITY (
    SEQUENCE NAME public.users_id_seq
    START WITH 1
    INCREMENT BY 1
    NO MINVALUE
    NO MAXVALUE
    CACHE 1
);


--
-- Name: users_user_permissions; Type: TABLE; Schema: public; Owner: justclothing_user
--

CREATE TABLE public.users_user_permissions (
    id bigint NOT NULL,
    user_id bigint NOT NULL,
    permission_id integer NOT NULL
);


ALTER TABLE public.users_user_permissions OWNER TO justclothing_user;

--
-- Name: users_user_permissions_id_seq; Type: SEQUENCE; Schema: public; Owner: justclothing_user
--

ALTER TABLE public.users_user_permissions ALTER COLUMN id ADD GENERATED BY DEFAULT AS IDENTITY (
    SEQUENCE NAME public.users_user_permissions_id_seq
    START WITH 1
    INCREMENT BY 1
    NO MINVALUE
    NO MAXVALUE
    CACHE 1
);


--
-- Name: wishlist_items; Type: TABLE; Schema: public; Owner: justclothing_user
--

CREATE TABLE public.wishlist_items (
    id bigint NOT NULL,
    added_at timestamp with time zone NOT NULL,
    product_id integer NOT NULL,
    wishlist_id bigint NOT NULL
);


ALTER TABLE public.wishlist_items OWNER TO justclothing_user;

--
-- Name: wishlist_items_id_seq; Type: SEQUENCE; Schema: public; Owner: justclothing_user
--

ALTER TABLE public.wishlist_items ALTER COLUMN id ADD GENERATED BY DEFAULT AS IDENTITY (
    SEQUENCE NAME public.wishlist_items_id_seq
    START WITH 1
    INCREMENT BY 1
    NO MINVALUE
    NO MAXVALUE
    CACHE 1
);


--
-- Name: wishlists; Type: TABLE; Schema: public; Owner: justclothing_user
--

CREATE TABLE public.wishlists (
    id bigint NOT NULL,
    created_at timestamp with time zone NOT NULL,
    updated_at timestamp with time zone NOT NULL,
    user_id bigint NOT NULL
);


ALTER TABLE public.wishlists OWNER TO justclothing_user;

--
-- Name: wishlists_id_seq; Type: SEQUENCE; Schema: public; Owner: justclothing_user
--

ALTER TABLE public.wishlists ALTER COLUMN id ADD GENERATED BY DEFAULT AS IDENTITY (
    SEQUENCE NAME public.wishlists_id_seq
    START WITH 1
    INCREMENT BY 1
    NO MINVALUE
    NO MAXVALUE
    CACHE 1
);


--
-- Data for Name: account_emailaddress; Type: TABLE DATA; Schema: public; Owner: justclothing_user
--

COPY public.account_emailaddress (id, email, verified, "primary", user_id) FROM stdin;
\.


--
-- Data for Name: account_emailconfirmation; Type: TABLE DATA; Schema: public; Owner: justclothing_user
--

COPY public.account_emailconfirmation (id, created, sent, key, email_address_id) FROM stdin;
\.


--
-- Data for Name: addresses; Type: TABLE DATA; Schema: public; Owner: justclothing_user
--

COPY public.addresses (id, address_type, full_name, phone_number, address_line_1, address_line_2, city, state, postal_code, country, is_default, created_at, updated_at, user_id) FROM stdin;
\.


--
-- Data for Name: admin_notifications; Type: TABLE DATA; Schema: public; Owner: justclothing_user
--

COPY public.admin_notifications (id, type, title, message, priority, data, is_read, is_resolved, resolved_at, resolution_notes, created_at, resolved_by_id) FROM stdin;
\.


--
-- Data for Name: auth_group; Type: TABLE DATA; Schema: public; Owner: justclothing_user
--

COPY public.auth_group (id, name) FROM stdin;
\.


--
-- Data for Name: auth_group_permissions; Type: TABLE DATA; Schema: public; Owner: justclothing_user
--

COPY public.auth_group_permissions (id, group_id, permission_id) FROM stdin;
\.


--
-- Data for Name: auth_permission; Type: TABLE DATA; Schema: public; Owner: justclothing_user
--

COPY public.auth_permission (id, name, content_type_id, codename) FROM stdin;
1	Can add log entry	1	add_logentry
2	Can change log entry	1	change_logentry
3	Can delete log entry	1	delete_logentry
4	Can view log entry	1	view_logentry
5	Can add permission	2	add_permission
6	Can change permission	2	change_permission
7	Can delete permission	2	delete_permission
8	Can view permission	2	view_permission
9	Can add group	3	add_group
10	Can change group	3	change_group
11	Can delete group	3	delete_group
12	Can view group	3	view_group
13	Can add content type	4	add_contenttype
14	Can change content type	4	change_contenttype
15	Can delete content type	4	delete_contenttype
16	Can view content type	4	view_contenttype
17	Can add session	5	add_session
18	Can change session	5	change_session
19	Can delete session	5	delete_session
20	Can view session	5	view_session
21	Can add site	6	add_site
22	Can change site	6	change_site
23	Can delete site	6	delete_site
24	Can view site	6	view_site
25	Can add Token	7	add_token
26	Can change Token	7	change_token
27	Can delete Token	7	delete_token
28	Can view Token	7	view_token
29	Can add token	8	add_tokenproxy
30	Can change token	8	change_tokenproxy
31	Can delete token	8	delete_tokenproxy
32	Can view token	8	view_tokenproxy
33	Can add tag	9	add_tag
34	Can change tag	9	change_tag
35	Can delete tag	9	delete_tag
36	Can view tag	9	view_tag
37	Can add tagged item	10	add_taggeditem
38	Can change tagged item	10	change_taggeditem
39	Can delete tagged item	10	delete_taggeditem
40	Can view tagged item	10	view_taggeditem
41	Can add user	11	add_user
42	Can change user	11	change_user
43	Can delete user	11	delete_user
44	Can view user	11	view_user
45	Can add address	12	add_address
46	Can change address	12	change_address
47	Can delete address	12	delete_address
48	Can view address	12	view_address
49	Can add customer profile	13	add_customerprofile
50	Can change customer profile	13	change_customerprofile
51	Can delete customer profile	13	delete_customerprofile
52	Can view customer profile	13	view_customerprofile
53	Can add seller profile	14	add_sellerprofile
54	Can change seller profile	14	change_sellerprofile
55	Can delete seller profile	14	delete_sellerprofile
56	Can view seller profile	14	view_sellerprofile
57	Can add seller homepage product	15	add_sellerhomepageproduct
58	Can change seller homepage product	15	change_sellerhomepageproduct
59	Can delete seller homepage product	15	delete_sellerhomepageproduct
60	Can view seller homepage product	15	view_sellerhomepageproduct
61	Can add seller follower	16	add_sellerfollower
62	Can change seller follower	16	change_sellerfollower
63	Can delete seller follower	16	delete_sellerfollower
64	Can view seller follower	16	view_sellerfollower
65	Can add seller team member	17	add_sellerteammember
66	Can change seller team member	17	change_sellerteammember
67	Can delete seller team member	17	delete_sellerteammember
68	Can view seller team member	17	view_sellerteammember
69	Can add product attribute	18	add_productattribute
70	Can change product attribute	18	change_productattribute
71	Can delete product attribute	18	delete_productattribute
72	Can view product attribute	18	view_productattribute
73	Can add product attribute type	19	add_productattributetype
74	Can change product attribute type	19	change_productattributetype
75	Can delete product attribute type	19	delete_productattributetype
76	Can view product attribute type	19	view_productattributetype
77	Can add product image	20	add_productimage
78	Can change product image	20	change_productimage
79	Can delete product image	20	delete_productimage
80	Can view product image	20	view_productimage
81	Can add product offer	21	add_productoffer
82	Can change product offer	21	change_productoffer
83	Can delete product offer	21	delete_productoffer
84	Can view product offer	21	view_productoffer
85	Can add product variant	22	add_productvariant
86	Can change product variant	22	change_productvariant
87	Can delete product variant	22	delete_productvariant
88	Can view product variant	22	view_productvariant
89	Can add product variant attribute	23	add_productvariantattribute
90	Can change product variant attribute	23	change_productvariantattribute
91	Can delete product variant attribute	23	delete_productvariantattribute
92	Can view product variant attribute	23	view_productvariantattribute
93	Can add product video	24	add_productvideo
94	Can change product video	24	change_productvideo
95	Can delete product video	24	delete_productvideo
96	Can view product video	24	view_productvideo
97	Can add category	25	add_category
98	Can change category	25	change_category
99	Can delete category	25	delete_category
100	Can view category	25	view_category
101	Can add collection	26	add_collection
102	Can change collection	26	change_collection
103	Can delete collection	26	delete_collection
104	Can view collection	26	view_collection
105	Can add product	27	add_product
106	Can change product	27	change_product
107	Can delete product	27	delete_product
108	Can view product	27	view_product
109	Can add cart	28	add_cart
110	Can change cart	28	change_cart
111	Can delete cart	28	delete_cart
112	Can view cart	28	view_cart
113	Can add cart item	29	add_cartitem
114	Can change cart item	29	change_cartitem
115	Can delete cart item	29	delete_cartitem
116	Can view cart item	29	view_cartitem
117	Can add order	30	add_order
118	Can change order	30	change_order
119	Can delete order	30	delete_order
120	Can view order	30	view_order
121	Can add order item	31	add_orderitem
122	Can change order item	31	change_orderitem
123	Can delete order item	31	delete_orderitem
124	Can view order item	31	view_orderitem
125	Can add order status history	32	add_orderstatushistory
126	Can change order status history	32	change_orderstatushistory
127	Can delete order status history	32	delete_orderstatushistory
128	Can view order status history	32	view_orderstatushistory
129	Can add wishlist	33	add_wishlist
130	Can change wishlist	33	change_wishlist
131	Can delete wishlist	33	delete_wishlist
132	Can view wishlist	33	view_wishlist
133	Can add wishlist item	34	add_wishlistitem
134	Can change wishlist item	34	change_wishlistitem
135	Can delete wishlist item	34	delete_wishlistitem
136	Can view wishlist item	34	view_wishlistitem
137	Can add review	35	add_review
138	Can change review	35	change_review
139	Can delete review	35	delete_review
140	Can view review	35	view_review
141	Can add review image	36	add_reviewimage
142	Can change review image	36	change_reviewimage
143	Can delete review image	36	delete_reviewimage
144	Can view review image	36	view_reviewimage
145	Can add review reply	37	add_reviewreply
146	Can change review reply	37	change_reviewreply
147	Can delete review reply	37	delete_reviewreply
148	Can view review reply	37	view_reviewreply
149	Can add review report	38	add_reviewreport
150	Can change review report	38	change_reviewreport
151	Can delete review report	38	delete_reviewreport
152	Can view review report	38	view_reviewreport
153	Can add review vote	39	add_reviewvote
154	Can change review vote	39	change_reviewvote
155	Can delete review vote	39	delete_reviewvote
156	Can view review vote	39	view_reviewvote
157	Can add seller review	40	add_sellerreview
158	Can change seller review	40	change_sellerreview
159	Can delete seller review	40	delete_sellerreview
160	Can view seller review	40	view_sellerreview
161	Can add featured promo	41	add_featuredpromo
162	Can change featured promo	41	change_featuredpromo
163	Can delete featured promo	41	delete_featuredpromo
164	Can view featured promo	41	view_featuredpromo
165	Can add promo code	42	add_promocode
166	Can change promo code	42	change_promocode
167	Can delete promo code	42	delete_promocode
168	Can view promo code	42	view_promocode
169	Can add promo impression	43	add_promoimpression
170	Can change promo impression	43	change_promoimpression
171	Can delete promo impression	43	delete_promoimpression
172	Can view promo impression	43	view_promoimpression
173	Can add promo request	44	add_promorequest
174	Can change promo request	44	change_promorequest
175	Can delete promo request	44	delete_promorequest
176	Can view promo request	44	view_promorequest
177	Can add promotion	45	add_promotion
178	Can change promotion	45	change_promotion
179	Can delete promotion	45	delete_promotion
180	Can view promotion	45	view_promotion
181	Can add promotional campaign	46	add_promotionalcampaign
182	Can change promotional campaign	46	change_promotionalcampaign
183	Can delete promotional campaign	46	delete_promotionalcampaign
184	Can view promotional campaign	46	view_promotionalcampaign
185	Can add promo usage	47	add_promousage
186	Can change promo usage	47	change_promousage
187	Can delete promo usage	47	delete_promousage
188	Can view promo usage	47	view_promousage
189	Can add seller promo request	48	add_sellerpromorequest
190	Can change seller promo request	48	change_sellerpromorequest
191	Can delete seller promo request	48	delete_sellerpromorequest
192	Can view seller promo request	48	view_sellerpromorequest
193	Can add shipping method	49	add_shippingmethod
194	Can change shipping method	49	change_shippingmethod
195	Can delete shipping method	49	delete_shippingmethod
196	Can view shipping method	49	view_shippingmethod
197	Can add Shipping Settings	50	add_shippingsettings
198	Can change Shipping Settings	50	change_shippingsettings
199	Can delete Shipping Settings	50	delete_shippingsettings
200	Can view Shipping Settings	50	view_shippingsettings
201	Can add shipping carrier	51	add_shippingcarrier
202	Can change shipping carrier	51	change_shippingcarrier
203	Can delete shipping carrier	51	delete_shippingcarrier
204	Can view shipping carrier	51	view_shippingcarrier
205	Can add shipping label	52	add_shippinglabel
206	Can change shipping label	52	change_shippinglabel
207	Can delete shipping label	52	delete_shippinglabel
208	Can view shipping label	52	view_shippinglabel
209	Can add shipping zone	53	add_shippingzone
210	Can change shipping zone	53	change_shippingzone
211	Can delete shipping zone	53	delete_shippingzone
212	Can view shipping zone	53	view_shippingzone
213	Can add shipping rate	54	add_shippingrate
214	Can change shipping rate	54	change_shippingrate
215	Can delete shipping rate	54	delete_shippingrate
216	Can view shipping rate	54	view_shippingrate
217	Can add delivery attempt	55	add_deliveryattempt
218	Can change delivery attempt	55	change_deliveryattempt
219	Can delete delivery attempt	55	delete_deliveryattempt
220	Can view delivery attempt	55	view_deliveryattempt
221	Can add popular product	56	add_popularproduct
222	Can change popular product	56	change_popularproduct
223	Can delete popular product	56	delete_popularproduct
224	Can view popular product	56	view_popularproduct
225	Can add seller analytics	57	add_selleranalytics
226	Can change seller analytics	57	change_selleranalytics
227	Can delete seller analytics	57	delete_selleranalytics
228	Can view seller analytics	57	view_selleranalytics
229	Can add seller revenue tracker	58	add_sellerrevenuetracker
230	Can change seller revenue tracker	58	change_sellerrevenuetracker
231	Can delete seller revenue tracker	58	delete_sellerrevenuetracker
232	Can view seller revenue tracker	58	view_sellerrevenuetracker
233	Can add admin notification	59	add_adminnotification
234	Can change admin notification	59	change_adminnotification
235	Can delete admin notification	59	delete_adminnotification
236	Can view admin notification	59	view_adminnotification
237	Can add notification settings	60	add_notificationsettings
238	Can change notification settings	60	change_notificationsettings
239	Can delete notification settings	60	delete_notificationsettings
240	Can view notification settings	60	view_notificationsettings
241	Can add user notification	61	add_usernotification
242	Can change user notification	61	change_usernotification
243	Can delete user notification	61	delete_usernotification
244	Can view user notification	61	view_usernotification
245	Can add email address	62	add_emailaddress
246	Can change email address	62	change_emailaddress
247	Can delete email address	62	delete_emailaddress
248	Can view email address	62	view_emailaddress
249	Can add email confirmation	63	add_emailconfirmation
250	Can change email confirmation	63	change_emailconfirmation
251	Can delete email confirmation	63	delete_emailconfirmation
252	Can view email confirmation	63	view_emailconfirmation
253	Can add social account	64	add_socialaccount
254	Can change social account	64	change_socialaccount
255	Can delete social account	64	delete_socialaccount
256	Can view social account	64	view_socialaccount
257	Can add social application	65	add_socialapp
258	Can change social application	65	change_socialapp
259	Can delete social application	65	delete_socialapp
260	Can view social application	65	view_socialapp
261	Can add social application token	66	add_socialtoken
262	Can change social application token	66	change_socialtoken
263	Can delete social application token	66	delete_socialtoken
264	Can view social application token	66	view_socialtoken
\.


--
-- Data for Name: authtoken_token; Type: TABLE DATA; Schema: public; Owner: justclothing_user
--

COPY public.authtoken_token (key, created, user_id) FROM stdin;
\.


--
-- Data for Name: cart_items; Type: TABLE DATA; Schema: public; Owner: justclothing_user
--

COPY public.cart_items (id, quantity, size, color, created_at, updated_at, cart_id, product_id) FROM stdin;
2	1	M	White	2025-08-13 22:43:50.676409+00	2025-08-13 22:43:50.67643+00	1	4
\.


--
-- Data for Name: carts; Type: TABLE DATA; Schema: public; Owner: justclothing_user
--

COPY public.carts (id, created_at, updated_at, user_id) FROM stdin;
1	2025-08-07 18:22:39.317107+00	2025-08-07 18:22:39.317134+00	1
2	2025-08-07 18:23:56.7849+00	2025-08-07 18:23:56.784929+00	2
4	2025-08-13 09:52:25.451944+00	2025-08-13 09:52:25.451971+00	4
\.


--
-- Data for Name: categories; Type: TABLE DATA; Schema: public; Owner: justclothing_user
--

COPY public.categories (id, name, slug, description, is_active, created_at, parent_id) FROM stdin;
1	General Clothing	general-clothing	Products from General Clothing sellers	t	2025-08-07 18:25:20.390853+00	\N
\.


--
-- Data for Name: collections; Type: TABLE DATA; Schema: public; Owner: justclothing_user
--

COPY public.collections (id, name, slug, description, is_active, created_at) FROM stdin;
\.


--
-- Data for Name: customer_profiles; Type: TABLE DATA; Schema: public; Owner: justclothing_user
--

COPY public.customer_profiles (id, phone_number, date_of_birth, gender, profile_picture, newsletter_subscription, created_at, updated_at, user_id, onboarding_completed, preferred_tags) FROM stdin;
2	\N	\N			t	2025-08-07 18:23:37.687448+00	2025-08-07 18:24:11.284021+00	2	t	["formal", "casual", "street_wear"]
1	+8801757000737	\N			t	2025-08-07 18:22:32.450214+00	2025-08-07 18:25:20.378132+00	1	t	["formal", "street_wear", "ethnic"]
4	+8801724870996	\N			t	2025-08-13 09:52:35.383348+00	2025-08-13 09:53:20.420361+00	4	t	["casual", "formal", "street_wear"]
\.


--
-- Data for Name: customer_profiles_preferred_categories; Type: TABLE DATA; Schema: public; Owner: justclothing_user
--

COPY public.customer_profiles_preferred_categories (id, customerprofile_id, category_id) FROM stdin;
\.


--
-- Data for Name: delivery_attempts; Type: TABLE DATA; Schema: public; Owner: justclothing_user
--

COPY public.delivery_attempts (id, attempt_number, status, attempted_at, notes, next_attempt_scheduled, delivered_to, signature_required, signature_obtained, created_at, label_id) FROM stdin;
\.


--
-- Data for Name: django_admin_log; Type: TABLE DATA; Schema: public; Owner: justclothing_user
--

COPY public.django_admin_log (id, action_time, object_id, object_repr, action_flag, change_message, content_type_id, user_id) FROM stdin;
1	2025-08-09 21:28:52.788121+00	3	muhtasimhossain43@gmail.com (Seller)	3		11	4
\.


--
-- Data for Name: django_content_type; Type: TABLE DATA; Schema: public; Owner: justclothing_user
--

COPY public.django_content_type (id, app_label, model) FROM stdin;
1	admin	logentry
2	auth	permission
3	auth	group
4	contenttypes	contenttype
5	sessions	session
6	sites	site
7	authtoken	token
8	authtoken	tokenproxy
9	taggit	tag
10	taggit	taggeditem
11	users	user
12	users	address
13	users	customerprofile
14	users	sellerprofile
15	users	sellerhomepageproduct
16	users	sellerfollower
17	users	sellerteammember
18	products	productattribute
19	products	productattributetype
20	products	productimage
21	products	productoffer
22	products	productvariant
23	products	productvariantattribute
24	products	productvideo
25	products	category
26	products	collection
27	products	product
28	orders	cart
29	orders	cartitem
30	orders	order
31	orders	orderitem
32	orders	orderstatushistory
33	orders	wishlist
34	orders	wishlistitem
35	reviews	review
36	reviews	reviewimage
37	reviews	reviewreply
38	reviews	reviewreport
39	reviews	reviewvote
40	reviews	sellerreview
41	promos	featuredpromo
42	promos	promocode
43	promos	promoimpression
44	promos	promorequest
45	promos	promotion
46	promos	promotionalcampaign
47	promos	promousage
48	promos	sellerpromorequest
49	shipping	shippingmethod
50	shipping	shippingsettings
51	shipping	shippingcarrier
52	shipping	shippinglabel
53	shipping	shippingzone
54	shipping	shippingrate
55	shipping	deliveryattempt
56	analytics	popularproduct
57	analytics	selleranalytics
58	analytics	sellerrevenuetracker
59	notifications	adminnotification
60	notifications	notificationsettings
61	notifications	usernotification
62	account	emailaddress
63	account	emailconfirmation
64	socialaccount	socialaccount
65	socialaccount	socialapp
66	socialaccount	socialtoken
\.


--
-- Data for Name: django_migrations; Type: TABLE DATA; Schema: public; Owner: justclothing_user
--

COPY public.django_migrations (id, app, name, applied) FROM stdin;
1	products	0001_initial	2025-07-02 11:36:27.022998+00
2	contenttypes	0001_initial	2025-07-02 11:36:27.059478+00
3	contenttypes	0002_remove_content_type_name	2025-07-02 11:36:27.127396+00
4	auth	0001_initial	2025-07-02 11:36:27.267906+00
5	auth	0002_alter_permission_name_max_length	2025-07-02 11:36:27.291315+00
6	auth	0003_alter_user_email_max_length	2025-07-02 11:36:27.318093+00
7	auth	0004_alter_user_username_opts	2025-07-02 11:36:27.353326+00
8	auth	0005_alter_user_last_login_null	2025-07-02 11:36:27.385445+00
9	auth	0006_require_contenttypes_0002	2025-07-02 11:36:27.392484+00
10	auth	0007_alter_validators_add_error_messages	2025-07-02 11:36:27.417387+00
11	auth	0008_alter_user_username_max_length	2025-07-02 11:36:27.438791+00
12	auth	0009_alter_user_last_name_max_length	2025-07-02 11:36:27.463069+00
13	auth	0010_alter_group_name_max_length	2025-07-02 11:36:27.489976+00
14	auth	0011_update_proxy_permissions	2025-07-02 11:36:27.558701+00
15	auth	0012_alter_user_first_name_max_length	2025-07-02 11:36:27.585589+00
16	users	0001_initial	2025-07-02 11:36:29.756889+00
17	admin	0001_initial	2025-07-02 11:36:29.893574+00
18	admin	0002_logentry_remove_auto_add	2025-07-02 11:36:29.970213+00
19	admin	0003_logentry_add_action_flag_choices	2025-07-02 11:36:30.036411+00
20	analytics	0001_initial	2025-07-02 11:36:30.106627+00
21	analytics	0002_initial	2025-07-02 11:36:30.2185+00
22	analytics	0003_initial	2025-07-02 11:36:31.224592+00
23	authtoken	0001_initial	2025-07-02 11:36:31.410728+00
24	authtoken	0002_auto_20160226_1747	2025-07-02 11:36:31.588106+00
25	authtoken	0003_tokenproxy	2025-07-02 11:36:31.600117+00
26	orders	0001_initial	2025-07-02 11:36:31.701125+00
27	notifications	0001_initial	2025-07-02 11:36:31.747278+00
28	notifications	0002_initial	2025-07-02 11:36:32.571827+00
29	orders	0002_initial	2025-07-02 11:36:34.225756+00
30	taggit	0001_initial	2025-07-02 11:36:34.369409+00
31	taggit	0002_auto_20150616_2121	2025-07-02 11:36:34.387587+00
32	taggit	0003_taggeditem_add_unique_index	2025-07-02 11:36:34.405743+00
33	taggit	0004_alter_taggeditem_content_type_alter_taggeditem_tag	2025-07-02 11:36:34.614311+00
34	taggit	0005_auto_20220424_2025	2025-07-02 11:36:34.629121+00
35	taggit	0006_rename_taggeditem_content_type_object_id_taggit_tagg_content_8fc721_idx	2025-07-02 11:36:34.68605+00
36	products	0002_initial	2025-07-02 11:36:37.198481+00
37	promos	0001_initial	2025-07-02 11:36:37.325723+00
38	promos	0002_initial	2025-07-02 11:36:44.022034+00
39	reviews	0001_initial	2025-07-02 11:36:44.147274+00
40	reviews	0002_initial	2025-07-02 11:36:48.671893+00
41	sessions	0001_initial	2025-07-02 11:36:48.707384+00
42	shipping	0001_initial	2025-07-02 11:36:50.284705+00
43	sites	0001_initial	2025-07-02 11:36:50.308492+00
44	sites	0002_alter_domain_unique	2025-07-02 11:36:50.347236+00
45	users	0002_customerprofile_onboarding_completed_and_more	2025-07-02 11:36:50.58661+00
46	account	0001_initial	2025-08-07 15:20:00.931355+00
47	account	0002_email_max_length	2025-08-07 15:20:01.352826+00
48	account	0003_alter_emailaddress_create_unique_verified_email	2025-08-07 15:20:02.142244+00
49	account	0004_alter_emailaddress_drop_unique_email	2025-08-07 15:20:02.646205+00
50	account	0005_emailaddress_idx_upper_email	2025-08-07 15:20:03.158941+00
51	socialaccount	0001_initial	2025-08-07 15:20:05.562064+00
52	socialaccount	0002_token_max_lengths	2025-08-07 15:20:05.889585+00
53	socialaccount	0003_extra_data_default_dict	2025-08-07 15:20:06.268007+00
54	socialaccount	0004_app_provider_id_settings	2025-08-07 15:20:06.692683+00
55	socialaccount	0005_socialtoken_nullable_app	2025-08-07 15:20:07.283646+00
\.


--
-- Data for Name: django_session; Type: TABLE DATA; Schema: public; Owner: justclothing_user
--

COPY public.django_session (session_key, session_data, expire_date) FROM stdin;
yk6nuq1ixswot9wiawzzsrbs6v4diwf5	.eJxVjDsOwjAQRO_iGlnxP6akzxms9dqLA8iW4qRC3J1ESgHSVPPezJsF2NYStp6XMCd2ZZpdfrsI-Mz1AOkB9d44trouc-SHwk_a-dRSft1O9--gQC_7GmiI0Qly2YmEFkEKlY2MHpVHZ4yyo9KRrCUiBX5AMtrLPIo9SWhkny_8ZDg-:1ukrA2:Z-ipfg1RJuBUcln6L46I42lGMzAT40OF45ZP16QBspM	2025-08-23 21:31:30.709507+00
533pwraiyvqz6nc5fgeza6hoojbjo14b	.eJxVjDsOwjAQRO_iGlnxP6akzxms9dqLA8iW4qRC3J1ESgHSVPPezJsF2NYStp6XMCd2ZZpdfrsI-Mz1AOkB9d44trouc-SHwk_a-dRSft1O9--gQC_7GmiI0Qly2YmEFkEKlY2MHpVHZ4yyo9KRrCUiBX5AMtrLPIo9SWhkny_8ZDg-:1uktjd:1FIQMlBUzCHW1sLlf7S7c84guivskR6lEBEx5BOTSTA	2025-08-24 00:16:25.004117+00
\.


--
-- Data for Name: django_site; Type: TABLE DATA; Schema: public; Owner: justclothing_user
--

COPY public.django_site (id, domain, name) FROM stdin;
1	example.com	example.com
\.


--
-- Data for Name: featured_promos; Type: TABLE DATA; Schema: public; Owner: justclothing_user
--

COPY public.featured_promos (id, placement, priority, promotion_start, promotion_end, daily_budget_currency, daily_budget, max_impressions, current_impressions, max_clicks, current_clicks, is_active, created_at, created_by_id, promo_code_id) FROM stdin;
\.


--
-- Data for Name: featured_promos_target_user_interests; Type: TABLE DATA; Schema: public; Owner: justclothing_user
--

COPY public.featured_promos_target_user_interests (id, featuredpromo_id, category_id) FROM stdin;
\.


--
-- Data for Name: notification_settings; Type: TABLE DATA; Schema: public; Owner: justclothing_user
--

COPY public.notification_settings (id, email_order_updates, email_marketing, email_product_updates, email_review_requests, app_order_updates, app_marketing, app_product_updates, app_review_requests, sms_order_updates, sms_delivery_updates, seller_low_stock_alerts, seller_new_orders, seller_review_alerts, seller_performance_reports, created_at, updated_at, user_id) FROM stdin;
\.


--
-- Data for Name: order_items; Type: TABLE DATA; Schema: public; Owner: justclothing_user
--

COPY public.order_items (id, title, product_name, photo, size, color, quantity, price, unit_price, total_price, created_at, order_id, product_id) FROM stdin;
1	T-Shirt	T-Shirt	products/images/441392217_18432646714026075_4603107304340450776_n.jpg	S	White	1	475.00	475.00	475.00	2025-08-16 20:30:26.388423+00	70298	4
2	tomato	tomato		S	Blue	1	29.99	29.99	29.99	2025-08-16 20:31:40.194289+00	29078	2
\.


--
-- Data for Name: order_status_history; Type: TABLE DATA; Schema: public; Owner: justclothing_user
--

COPY public.order_status_history (id, previous_status, new_status, reason, notes, created_at, changed_by_id, order_id, order_item_id) FROM stdin;
1		pending			2025-08-16 20:30:26.391559+00	4	70298	\N
2		pending			2025-08-16 20:31:40.196097+00	4	29078	\N
3	pending	delivered		Order marked as completed by seller	2025-08-16 20:32:10.522241+00	4	29078	\N
\.


--
-- Data for Name: orders; Type: TABLE DATA; Schema: public; Owner: justclothing_user
--

COPY public.orders (id, customer_name, customer_email, customer_phone, customer_address, status, payment_method, total_amount, bill, "placedOn", "time", "placedTime", placed_on_date, placed_time_obj, created_at, updated_at, seller_id, user_id) FROM stdin;
70298	Muhtasim Hossain	2222718@iub.edu.bd	+8801724870996	uttara	pending	cod	475.00	475.00	16/08/25	08:30 PM	08:30 PM	2025-08-17	02:30:26.382011	2025-08-16 20:30:26.382028+00	2025-08-16 20:30:26.382039+00	1	4
29078	Muhtasim Hossain	2222718@iub.edu.bd	+8801724870996	uttara	delivered	cod	29.99	29.99	16/08/25	08:31 PM	08:31 PM	2025-08-17	02:31:40.190621	2025-08-16 20:31:40.190645+00	2025-08-16 20:32:10.51857+00	3	4
\.


--
-- Data for Name: popular_products; Type: TABLE DATA; Schema: public; Owner: justclothing_user
--

COPY public.popular_products (id, period_start, period_end, total_orders, total_quantity_sold, total_revenue_currency, total_revenue, rank_by_orders, rank_by_revenue, rank_by_quantity, created_at, updated_at, product_id, seller_id) FROM stdin;
\.


--
-- Data for Name: product_attribute_types; Type: TABLE DATA; Schema: public; Owner: justclothing_user
--

COPY public.product_attribute_types (id, name, slug, input_type, is_required, is_variant_attribute, options, created_at) FROM stdin;
\.


--
-- Data for Name: product_attributes; Type: TABLE DATA; Schema: public; Owner: justclothing_user
--

COPY public.product_attributes (id, value, product_id, attribute_type_id) FROM stdin;
\.


--
-- Data for Name: product_images; Type: TABLE DATA; Schema: public; Owner: justclothing_user
--

COPY public.product_images (id, image, alt_text, is_primary, sort_order, created_at, product_id) FROM stdin;
1	products/images/8453892.jpg		t	0	2025-08-13 10:01:12.01755+00	1
5	products/images/441392217_18432646714026075_4603107304340450776_n.jpg		t	0	2025-08-13 22:43:28.531248+00	4
6	products/images/443930223_18436881826026075_270778536125131682_n.jpg		f	1	2025-08-13 22:43:28.541244+00	4
7	products/images/445756200_18436881835026075_4945367749468805740_n.jpg		f	2	2025-08-13 22:43:28.550711+00	4
\.


--
-- Data for Name: product_offers; Type: TABLE DATA; Schema: public; Owner: justclothing_user
--

COPY public.product_offers (id, name, description, offer_type, discount_percentage, discount_amount, start_date, end_date, status, created_at, updated_at, product_id, seller_id) FROM stdin;
\.


--
-- Data for Name: product_variant_attributes; Type: TABLE DATA; Schema: public; Owner: justclothing_user
--

COPY public.product_variant_attributes (id, value, attribute_type_id, variant_id) FROM stdin;
\.


--
-- Data for Name: product_variants; Type: TABLE DATA; Schema: public; Owner: justclothing_user
--

COPY public.product_variants (id, sku, size, color, price, stock_quantity, is_active, created_at, updated_at, product_id) FROM stdin;
\.


--
-- Data for Name: product_videos; Type: TABLE DATA; Schema: public; Owner: justclothing_user
--

COPY public.product_videos (id, video, thumbnail, title, description, sort_order, created_at, product_id) FROM stdin;
\.


--
-- Data for Name: products; Type: TABLE DATA; Schema: public; Owner: justclothing_user
--

COPY public.products (id, name, slug, description, short_description, price, base_price_currency, base_price, compare_price_currency, compare_price, cost_price_currency, cost_price, "storeId", "availableSizes", "availableColors", features, offers_custom_sizes, custom_size_fields, requires_advance_payment, estimated_pickup_days, meta_title, meta_description, status, is_featured, is_digital, track_inventory, stock_quantity, low_stock_threshold, requires_shipping, weight, shipping_days_min, shipping_days_max, views_count, sales_count, rating, review_count, created_at, updated_at, category_id, collection_id, seller_id) FROM stdin;
2	tomato	tomato	nice		29.99	BDT	29.99	BDT	\N	BDT	\N	3	["S"]	["Blue"]	[]	f	[]	f	3			active	f	f	f	5	5	f	\N	1	7	6	0	0.00	0	2025-08-13 10:02:47.405864+00	2025-08-13 10:02:47.405889+00	1	\N	3
1	Jacket	jacket	denim		49.99	BDT	49.99	BDT	\N	BDT	\N	3	["S"]	[]	[]	f	[]	f	3			active	f	f	f	0	5	f	\N	1	7	4	0	0.00	0	2025-08-13 10:01:11.986924+00	2025-08-13 10:01:11.986943+00	1	\N	3
4	T-Shirt	t-shirt	Good TShirt		475.00	BDT	475.00	BDT	\N	BDT	\N	1	["S", "M", "L"]	["Black", "White", "Green"]	[]	f	[]	f	3			active	f	f	f	45	5	f	\N	1	7	8	0	0.00	0	2025-08-13 22:43:28.490168+00	2025-08-13 22:43:28.490189+00	1	\N	1
\.


--
-- Data for Name: promo_codes; Type: TABLE DATA; Schema: public; Owner: justclothing_user
--

COPY public.promo_codes (id, code, usage_count, usage_limit, is_active, created_at, promotion_id) FROM stdin;
\.


--
-- Data for Name: promo_impressions; Type: TABLE DATA; Schema: public; Owner: justclothing_user
--

COPY public.promo_impressions (id, session_key, user_agent, ip_address, referrer, viewed_at, clicked_at, converted_at, featured_promo_id, user_id) FROM stdin;
\.


--
-- Data for Name: promo_requests; Type: TABLE DATA; Schema: public; Owner: justclothing_user
--

COPY public.promo_requests (id, request_type, title, description, budget, duration_days, media_files, status, reviewed_at, review_notes, created_at, updated_at, reviewed_by_id, seller_id) FROM stdin;
\.


--
-- Data for Name: promo_requests_target_products; Type: TABLE DATA; Schema: public; Owner: justclothing_user
--

COPY public.promo_requests_target_products (id, promorequest_id, product_id) FROM stdin;
\.


--
-- Data for Name: promo_usages; Type: TABLE DATA; Schema: public; Owner: justclothing_user
--

COPY public.promo_usages (id, discount_amount, used_at, order_id, promo_code_id, promotion_id, user_id) FROM stdin;
\.


--
-- Data for Name: promotional_campaigns; Type: TABLE DATA; Schema: public; Owner: justclothing_user
--

COPY public.promotional_campaigns (id, name, description, start_date, end_date, budget, status, approved_at, rejection_reason, impressions, clicks, conversions, created_at, updated_at, approved_by_id, seller_id) FROM stdin;
\.


--
-- Data for Name: promotional_campaigns_target_categories; Type: TABLE DATA; Schema: public; Owner: justclothing_user
--

COPY public.promotional_campaigns_target_categories (id, promotionalcampaign_id, category_id) FROM stdin;
\.


--
-- Data for Name: promotional_campaigns_target_products; Type: TABLE DATA; Schema: public; Owner: justclothing_user
--

COPY public.promotional_campaigns_target_products (id, promotionalcampaign_id, product_id) FROM stdin;
\.


--
-- Data for Name: promotions; Type: TABLE DATA; Schema: public; Owner: justclothing_user
--

COPY public.promotions (id, name, description, promotion_type, discount_percentage, discount_amount, buy_quantity, get_quantity, minimum_order_amount, minimum_quantity, usage_limit, usage_limit_per_customer, usage_count, start_date, end_date, status, is_featured, created_at, updated_at, created_by_id) FROM stdin;
\.


--
-- Data for Name: promotions_applicable_categories; Type: TABLE DATA; Schema: public; Owner: justclothing_user
--

COPY public.promotions_applicable_categories (id, promotion_id, category_id) FROM stdin;
\.


--
-- Data for Name: promotions_applicable_products; Type: TABLE DATA; Schema: public; Owner: justclothing_user
--

COPY public.promotions_applicable_products (id, promotion_id, product_id) FROM stdin;
\.


--
-- Data for Name: promotions_applicable_sellers; Type: TABLE DATA; Schema: public; Owner: justclothing_user
--

COPY public.promotions_applicable_sellers (id, promotion_id, sellerprofile_id) FROM stdin;
\.


--
-- Data for Name: review_images; Type: TABLE DATA; Schema: public; Owner: justclothing_user
--

COPY public.review_images (id, image, caption, created_at, review_id) FROM stdin;
\.


--
-- Data for Name: review_replies; Type: TABLE DATA; Schema: public; Owner: justclothing_user
--

COPY public.review_replies (id, content, is_approved, moderated_at, created_at, updated_at, moderated_by_id, review_id, seller_id) FROM stdin;
\.


--
-- Data for Name: review_reports; Type: TABLE DATA; Schema: public; Owner: justclothing_user
--

COPY public.review_reports (id, reason, description, is_resolved, resolved_at, created_at, reported_by_id, resolved_by_id, review_id) FROM stdin;
\.


--
-- Data for Name: review_votes; Type: TABLE DATA; Schema: public; Owner: justclothing_user
--

COPY public.review_votes (id, vote_type, created_at, review_id, user_id) FROM stdin;
\.


--
-- Data for Name: reviews; Type: TABLE DATA; Schema: public; Owner: justclothing_user
--

COPY public.reviews (id, "productId", rating, content, review_type, is_approved, is_featured, moderated_at, created_at, "createdAt", updated_at, moderated_by_id, order_id, product_id, seller_id, user_id) FROM stdin;
\.


--
-- Data for Name: seller_analytics; Type: TABLE DATA; Schema: public; Owner: justclothing_user
--

COPY public.seller_analytics (id, date, total_orders, total_revenue_currency, total_revenue, total_items_sold, average_order_value_currency, average_order_value, total_products, active_products, out_of_stock_products, new_customers, returning_customers, new_reviews, average_rating, store_views, product_views, created_at, updated_at, seller_id) FROM stdin;
\.


--
-- Data for Name: seller_followers; Type: TABLE DATA; Schema: public; Owner: justclothing_user
--

COPY public.seller_followers (id, followed_at, user_id, seller_id) FROM stdin;
\.


--
-- Data for Name: seller_homepage_products; Type: TABLE DATA; Schema: public; Owner: justclothing_user
--

COPY public.seller_homepage_products (id, "order", created_at, updated_at, product_id, seller_id) FROM stdin;
\.


--
-- Data for Name: seller_profiles; Type: TABLE DATA; Schema: public; Owner: justclothing_user
--

COPY public.seller_profiles (id, business_name, business_description, business_type, phone_number, business_address, business_license, tax_id, name, bio, verified, followers, "productsCount", "joinedDate", instagram, facebook, payment_method, account_number, bank_name, branch_name, status, verification_documents, approved_at, total_sales, rating, total_reviews, logo, banner_image, created_at, updated_at, approved_by_id, user_id) FROM stdin;
1	Test Store 1	Good store. Trust me	General Clothing	+8801757000737	House 1, Road 1, Sector 3	635263273	\N	Test Store 1	Good store. Trust me	f	0	0	\N							approved		2025-08-09 21:25:43.289542+00	0.00	0.00	0			2025-08-07 18:25:20.396022+00	2025-08-07 18:25:20.396043+00	4	1
3	Clothing Store	Stuff	General Clothing	+8801724870996	uttara	79261060	\N	Clothing Store	Stuff	t	0	2	2025-08-13							approved		2025-08-13 09:53:33.983191+00	0.00	0.00	0	sellers/logos/8453892.jpg	sellers/banners/8453892.jpg	2025-08-13 09:53:20.429407+00	2025-08-13 11:04:06.775972+00	4	4
\.


--
-- Data for Name: seller_promo_requests; Type: TABLE DATA; Schema: public; Owner: justclothing_user
--

COPY public.seller_promo_requests (id, requested_code, requested_name, requested_description, requested_type, requested_discount_percentage, requested_discount_amount_currency, requested_discount_amount, requested_minimum_order_amount_currency, requested_minimum_order_amount, requested_usage_limit, requested_start_date, requested_end_date, status, reviewed_at, review_notes, created_at, created_promo_id, reviewed_by_id, seller_id) FROM stdin;
\.


--
-- Data for Name: seller_revenue_tracker; Type: TABLE DATA; Schema: public; Owner: justclothing_user
--

COPY public.seller_revenue_tracker (id, monthly_target_currency, monthly_target, current_month_revenue_currency, current_month_revenue, quarterly_target_currency, quarterly_target, current_quarter_revenue_currency, current_quarter_revenue, annual_target_currency, annual_target, current_year_revenue_currency, current_year_revenue, best_month_revenue_currency, best_month_revenue, best_month_date, best_day_revenue_currency, best_day_revenue, best_day_date, created_at, updated_at, seller_id) FROM stdin;
2	BDT	50000.00	BDT	0.00	BDT	150000.00	BDT	0.00	BDT	600000.00	BDT	0.00	BDT	0.00	\N	BDT	0.00	\N	2025-08-13 22:40:23.770698+00	2025-08-13 22:44:46.963375+00	1
1	BDT	50000.00	BDT	29.99	BDT	150000.00	BDT	0.00	BDT	600000.00	BDT	0.00	BDT	0.00	\N	BDT	0.00	\N	2025-08-13 09:53:40.103281+00	2025-08-16 20:33:28.597272+00	3
\.


--
-- Data for Name: seller_reviews; Type: TABLE DATA; Schema: public; Owner: justclothing_user
--

COPY public.seller_reviews (id, rating, content, communication_rating, shipping_rating, quality_rating, is_approved, moderated_at, created_at, updated_at, moderated_by_id, order_id, seller_id, user_id) FROM stdin;
\.


--
-- Data for Name: seller_team_members; Type: TABLE DATA; Schema: public; Owner: justclothing_user
--

COPY public.seller_team_members (id, role, permissions, is_active, joined_at, invited_by_id, seller_id, user_id) FROM stdin;
\.


--
-- Data for Name: shipping_carriers; Type: TABLE DATA; Schema: public; Owner: justclothing_user
--

COPY public.shipping_carriers (id, name, code, website, phone, email, api_enabled, api_credentials, tracking_url_template, is_active, created_at) FROM stdin;
\.


--
-- Data for Name: shipping_labels; Type: TABLE DATA; Schema: public; Owner: justclothing_user
--

COPY public.shipping_labels (id, tracking_number, tracking_url, label_file, label_format, weight, dimensions, declared_value_currency, declared_value, status, created_at, shipped_at, delivered_at, is_insured, insurance_amount_currency, insurance_amount, requires_signature, carrier_id, order_id, method_id) FROM stdin;
\.


--
-- Data for Name: shipping_methods; Type: TABLE DATA; Schema: public; Owner: justclothing_user
--

COPY public.shipping_methods (id, name, description, method_type, min_delivery_days, max_delivery_days, max_weight, max_dimensions, is_active, created_at, updated_at) FROM stdin;
\.


--
-- Data for Name: shipping_rates; Type: TABLE DATA; Schema: public; Owner: justclothing_user
--

COPY public.shipping_rates (id, calculation_type, base_rate_currency, base_rate, rate_per_kg_currency, rate_per_kg, free_shipping_threshold_currency, free_shipping_threshold, price_tiers, min_order_value_currency, min_order_value, max_order_value_currency, max_order_value, handling_fee_currency, handling_fee, fuel_surcharge_currency, fuel_surcharge, is_active, created_at, updated_at, method_id, zone_id) FROM stdin;
\.


--
-- Data for Name: shipping_settings; Type: TABLE DATA; Schema: public; Owner: justclothing_user
--

COPY public.shipping_settings (id, default_weight_unit, default_dimension_unit, default_package_weight, auto_calculate_dimensions, global_free_shipping_threshold_currency, global_free_shipping_threshold, free_shipping_message, processing_days, weekend_delivery, holiday_delivery, send_shipping_notifications, send_delivery_notifications, shipping_admin_email, shipping_admin_phone, created_at, updated_at) FROM stdin;
\.


--
-- Data for Name: shipping_zones; Type: TABLE DATA; Schema: public; Owner: justclothing_user
--

COPY public.shipping_zones (id, name, description, countries, states, cities, postal_codes, is_active, created_at, updated_at) FROM stdin;
\.


--
-- Data for Name: socialaccount_socialaccount; Type: TABLE DATA; Schema: public; Owner: justclothing_user
--

COPY public.socialaccount_socialaccount (id, provider, uid, last_login, date_joined, extra_data, user_id) FROM stdin;
\.


--
-- Data for Name: socialaccount_socialapp; Type: TABLE DATA; Schema: public; Owner: justclothing_user
--

COPY public.socialaccount_socialapp (id, provider, name, client_id, secret, key, provider_id, settings) FROM stdin;
\.


--
-- Data for Name: socialaccount_socialapp_sites; Type: TABLE DATA; Schema: public; Owner: justclothing_user
--

COPY public.socialaccount_socialapp_sites (id, socialapp_id, site_id) FROM stdin;
\.


--
-- Data for Name: socialaccount_socialtoken; Type: TABLE DATA; Schema: public; Owner: justclothing_user
--

COPY public.socialaccount_socialtoken (id, token, token_secret, expires_at, account_id, app_id) FROM stdin;
\.


--
-- Data for Name: taggit_tag; Type: TABLE DATA; Schema: public; Owner: justclothing_user
--

COPY public.taggit_tag (id, name, slug) FROM stdin;
1	["denim","jeans","jacket"]	denimjeansjacket
2	["red"]	red
3	["T-Shirt","Baggy","Cool"]	t-shirtbaggycool
4	["T-Shirt","Baggy","Street"]	t-shirtbaggystreet
\.


--
-- Data for Name: taggit_taggeditem; Type: TABLE DATA; Schema: public; Owner: justclothing_user
--

COPY public.taggit_taggeditem (id, object_id, content_type_id, tag_id) FROM stdin;
1	1	27	1
2	2	27	2
4	4	27	4
\.


--
-- Data for Name: user_notifications; Type: TABLE DATA; Schema: public; Owner: justclothing_user
--

COPY public.user_notifications (id, type, title, message, data, is_read, read_at, created_at, related_order_id, related_product_id, user_id) FROM stdin;
38897418-071a-470c-9730-06fd49cb1fda	order_confirmed	New Order #70298	You have received a new order #70298 worth 475.00tk.	{"order_id": "70298", "order_amount": "475.00", "customer_name": "Muhtasim Hossain"}	f	\N	2025-08-16 20:30:26.401506+00	70298	\N	1
031a6e39-9735-491d-83ce-db3c6adf582e	order_confirmed	Order Confirmed #70298	Your order #70298 has been confirmed and is being processed.	{"order_id": "70298", "order_amount": "475.00", "estimated_delivery": "2-4 days"}	f	\N	2025-08-16 20:30:26.407215+00	70298	\N	4
6144a6e4-5b50-42e5-b6db-c4d5eb1e8c54	order_confirmed	New Order #29078	You have received a new order #29078 worth 29.99tk.	{"order_id": "29078", "order_amount": "29.99", "customer_name": "Muhtasim Hossain"}	f	\N	2025-08-16 20:31:40.204169+00	29078	\N	4
c91f6f56-897a-4d3c-bc70-0c33a3bdfd5d	order_confirmed	Order Confirmed #29078	Your order #29078 has been confirmed and is being processed.	{"order_id": "29078", "order_amount": "29.99", "estimated_delivery": "2-4 days"}	f	\N	2025-08-16 20:31:40.207148+00	29078	\N	4
d504b8a8-fbe3-41ff-aa2f-3c102dcdd259	order_status_update	Order #29078 Status Updated	Your order #29078 status has been updated to Delivered.	{"order_id": "29078", "new_status": "delivered", "previous_status": "pending"}	f	\N	2025-08-16 20:32:10.530118+00	29078	\N	4
\.


--
-- Data for Name: users; Type: TABLE DATA; Schema: public; Owner: justclothing_user
--

COPY public.users (id, password, last_login, is_superuser, username, first_name, last_name, is_staff, is_active, date_joined, email, user_type, is_verified, created_at, updated_at) FROM stdin;
2	pbkdf2_sha256$720000$9DrLGU2jZHO4G6eGgzaAG2$jbpPBh+wsaeO3LWro9y7s1tSj9W/hfE3AMmasLWTr1g=	\N	f	nporag50@gmail.com	nayeem	porag	f	t	2025-08-07 18:23:36.896668+00	nporag50@gmail.com	customer	f	2025-08-07 18:23:36.897426+00	2025-08-07 18:23:37.681714+00
1	pbkdf2_sha256$720000$2uav9jiqPt0Ea2LIECpJWU$HqTVFX9Td33KLrshxUVKahP28p43l0i1O36QIfE9FZI=	\N	f	mufradsadakat@gmail.com	Mufrad	Sadakat	f	t	2025-08-07 18:22:31.571684+00	mufradsadakat@gmail.com	seller	f	2025-08-07 18:22:31.572648+00	2025-08-07 18:25:20.371981+00
4	pbkdf2_sha256$720000$lDcbmWf9Lt7B2wkuSvqc6E$K6BpkW8nYMKLZwCuApC9UQF6CaunnA6vNsWqUhOkNGo=	2025-08-10 00:16:25.000622+00	t	muhts	Muhtasim	Hossain	t	t	2025-08-09 20:25:23.077971+00	2222718@iub.edu.bd	seller	f	2025-08-09 20:25:24.047535+00	2025-08-13 09:53:20.413267+00
\.


--
-- Data for Name: users_groups; Type: TABLE DATA; Schema: public; Owner: justclothing_user
--

COPY public.users_groups (id, user_id, group_id) FROM stdin;
\.


--
-- Data for Name: users_user_permissions; Type: TABLE DATA; Schema: public; Owner: justclothing_user
--

COPY public.users_user_permissions (id, user_id, permission_id) FROM stdin;
\.


--
-- Data for Name: wishlist_items; Type: TABLE DATA; Schema: public; Owner: justclothing_user
--

COPY public.wishlist_items (id, added_at, product_id, wishlist_id) FROM stdin;
\.


--
-- Data for Name: wishlists; Type: TABLE DATA; Schema: public; Owner: justclothing_user
--

COPY public.wishlists (id, created_at, updated_at, user_id) FROM stdin;
\.


--
-- Name: account_emailaddress_id_seq; Type: SEQUENCE SET; Schema: public; Owner: justclothing_user
--

SELECT pg_catalog.setval('public.account_emailaddress_id_seq', 1, false);


--
-- Name: account_emailconfirmation_id_seq; Type: SEQUENCE SET; Schema: public; Owner: justclothing_user
--

SELECT pg_catalog.setval('public.account_emailconfirmation_id_seq', 1, false);


--
-- Name: addresses_id_seq; Type: SEQUENCE SET; Schema: public; Owner: justclothing_user
--

SELECT pg_catalog.setval('public.addresses_id_seq', 1, false);


--
-- Name: auth_group_id_seq; Type: SEQUENCE SET; Schema: public; Owner: justclothing_user
--

SELECT pg_catalog.setval('public.auth_group_id_seq', 1, false);


--
-- Name: auth_group_permissions_id_seq; Type: SEQUENCE SET; Schema: public; Owner: justclothing_user
--

SELECT pg_catalog.setval('public.auth_group_permissions_id_seq', 1, false);


--
-- Name: auth_permission_id_seq; Type: SEQUENCE SET; Schema: public; Owner: justclothing_user
--

SELECT pg_catalog.setval('public.auth_permission_id_seq', 264, true);


--
-- Name: cart_items_id_seq; Type: SEQUENCE SET; Schema: public; Owner: justclothing_user
--

SELECT pg_catalog.setval('public.cart_items_id_seq', 4, true);


--
-- Name: carts_id_seq; Type: SEQUENCE SET; Schema: public; Owner: justclothing_user
--

SELECT pg_catalog.setval('public.carts_id_seq', 4, true);


--
-- Name: categories_id_seq; Type: SEQUENCE SET; Schema: public; Owner: justclothing_user
--

SELECT pg_catalog.setval('public.categories_id_seq', 1, true);


--
-- Name: collections_id_seq; Type: SEQUENCE SET; Schema: public; Owner: justclothing_user
--

SELECT pg_catalog.setval('public.collections_id_seq', 1, false);


--
-- Name: customer_profiles_id_seq; Type: SEQUENCE SET; Schema: public; Owner: justclothing_user
--

SELECT pg_catalog.setval('public.customer_profiles_id_seq', 4, true);


--
-- Name: customer_profiles_preferred_categories_id_seq; Type: SEQUENCE SET; Schema: public; Owner: justclothing_user
--

SELECT pg_catalog.setval('public.customer_profiles_preferred_categories_id_seq', 1, false);


--
-- Name: delivery_attempts_id_seq; Type: SEQUENCE SET; Schema: public; Owner: justclothing_user
--

SELECT pg_catalog.setval('public.delivery_attempts_id_seq', 1, false);


--
-- Name: django_admin_log_id_seq; Type: SEQUENCE SET; Schema: public; Owner: justclothing_user
--

SELECT pg_catalog.setval('public.django_admin_log_id_seq', 1, true);


--
-- Name: django_content_type_id_seq; Type: SEQUENCE SET; Schema: public; Owner: justclothing_user
--

SELECT pg_catalog.setval('public.django_content_type_id_seq', 66, true);


--
-- Name: django_migrations_id_seq; Type: SEQUENCE SET; Schema: public; Owner: justclothing_user
--

SELECT pg_catalog.setval('public.django_migrations_id_seq', 55, true);


--
-- Name: django_site_id_seq; Type: SEQUENCE SET; Schema: public; Owner: justclothing_user
--

SELECT pg_catalog.setval('public.django_site_id_seq', 1, true);


--
-- Name: featured_promos_id_seq; Type: SEQUENCE SET; Schema: public; Owner: justclothing_user
--

SELECT pg_catalog.setval('public.featured_promos_id_seq', 1, false);


--
-- Name: featured_promos_target_user_interests_id_seq; Type: SEQUENCE SET; Schema: public; Owner: justclothing_user
--

SELECT pg_catalog.setval('public.featured_promos_target_user_interests_id_seq', 1, false);


--
-- Name: notification_settings_id_seq; Type: SEQUENCE SET; Schema: public; Owner: justclothing_user
--

SELECT pg_catalog.setval('public.notification_settings_id_seq', 1, false);


--
-- Name: order_items_id_seq; Type: SEQUENCE SET; Schema: public; Owner: justclothing_user
--

SELECT pg_catalog.setval('public.order_items_id_seq', 2, true);


--
-- Name: order_status_history_id_seq; Type: SEQUENCE SET; Schema: public; Owner: justclothing_user
--

SELECT pg_catalog.setval('public.order_status_history_id_seq', 3, true);


--
-- Name: popular_products_id_seq; Type: SEQUENCE SET; Schema: public; Owner: justclothing_user
--

SELECT pg_catalog.setval('public.popular_products_id_seq', 1, false);


--
-- Name: product_attribute_types_id_seq; Type: SEQUENCE SET; Schema: public; Owner: justclothing_user
--

SELECT pg_catalog.setval('public.product_attribute_types_id_seq', 1, false);


--
-- Name: product_attributes_id_seq; Type: SEQUENCE SET; Schema: public; Owner: justclothing_user
--

SELECT pg_catalog.setval('public.product_attributes_id_seq', 1, false);


--
-- Name: product_images_id_seq; Type: SEQUENCE SET; Schema: public; Owner: justclothing_user
--

SELECT pg_catalog.setval('public.product_images_id_seq', 7, true);


--
-- Name: product_offers_id_seq; Type: SEQUENCE SET; Schema: public; Owner: justclothing_user
--

SELECT pg_catalog.setval('public.product_offers_id_seq', 1, false);


--
-- Name: product_variant_attributes_id_seq; Type: SEQUENCE SET; Schema: public; Owner: justclothing_user
--

SELECT pg_catalog.setval('public.product_variant_attributes_id_seq', 1, false);


--
-- Name: product_variants_id_seq; Type: SEQUENCE SET; Schema: public; Owner: justclothing_user
--

SELECT pg_catalog.setval('public.product_variants_id_seq', 1, false);


--
-- Name: product_videos_id_seq; Type: SEQUENCE SET; Schema: public; Owner: justclothing_user
--

SELECT pg_catalog.setval('public.product_videos_id_seq', 1, false);


--
-- Name: products_id_seq; Type: SEQUENCE SET; Schema: public; Owner: justclothing_user
--

SELECT pg_catalog.setval('public.products_id_seq', 4, true);


--
-- Name: promo_codes_id_seq; Type: SEQUENCE SET; Schema: public; Owner: justclothing_user
--

SELECT pg_catalog.setval('public.promo_codes_id_seq', 1, false);


--
-- Name: promo_impressions_id_seq; Type: SEQUENCE SET; Schema: public; Owner: justclothing_user
--

SELECT pg_catalog.setval('public.promo_impressions_id_seq', 1, false);


--
-- Name: promo_requests_id_seq; Type: SEQUENCE SET; Schema: public; Owner: justclothing_user
--

SELECT pg_catalog.setval('public.promo_requests_id_seq', 1, false);


--
-- Name: promo_requests_target_products_id_seq; Type: SEQUENCE SET; Schema: public; Owner: justclothing_user
--

SELECT pg_catalog.setval('public.promo_requests_target_products_id_seq', 1, false);


--
-- Name: promo_usages_id_seq; Type: SEQUENCE SET; Schema: public; Owner: justclothing_user
--

SELECT pg_catalog.setval('public.promo_usages_id_seq', 1, false);


--
-- Name: promotional_campaigns_id_seq; Type: SEQUENCE SET; Schema: public; Owner: justclothing_user
--

SELECT pg_catalog.setval('public.promotional_campaigns_id_seq', 1, false);


--
-- Name: promotional_campaigns_target_categories_id_seq; Type: SEQUENCE SET; Schema: public; Owner: justclothing_user
--

SELECT pg_catalog.setval('public.promotional_campaigns_target_categories_id_seq', 1, false);


--
-- Name: promotional_campaigns_target_products_id_seq; Type: SEQUENCE SET; Schema: public; Owner: justclothing_user
--

SELECT pg_catalog.setval('public.promotional_campaigns_target_products_id_seq', 1, false);


--
-- Name: promotions_applicable_categories_id_seq; Type: SEQUENCE SET; Schema: public; Owner: justclothing_user
--

SELECT pg_catalog.setval('public.promotions_applicable_categories_id_seq', 1, false);


--
-- Name: promotions_applicable_products_id_seq; Type: SEQUENCE SET; Schema: public; Owner: justclothing_user
--

SELECT pg_catalog.setval('public.promotions_applicable_products_id_seq', 1, false);


--
-- Name: promotions_applicable_sellers_id_seq; Type: SEQUENCE SET; Schema: public; Owner: justclothing_user
--

SELECT pg_catalog.setval('public.promotions_applicable_sellers_id_seq', 1, false);


--
-- Name: promotions_id_seq; Type: SEQUENCE SET; Schema: public; Owner: justclothing_user
--

SELECT pg_catalog.setval('public.promotions_id_seq', 1, false);


--
-- Name: review_images_id_seq; Type: SEQUENCE SET; Schema: public; Owner: justclothing_user
--

SELECT pg_catalog.setval('public.review_images_id_seq', 1, false);


--
-- Name: review_replies_id_seq; Type: SEQUENCE SET; Schema: public; Owner: justclothing_user
--

SELECT pg_catalog.setval('public.review_replies_id_seq', 1, false);


--
-- Name: review_reports_id_seq; Type: SEQUENCE SET; Schema: public; Owner: justclothing_user
--

SELECT pg_catalog.setval('public.review_reports_id_seq', 1, false);


--
-- Name: review_votes_id_seq; Type: SEQUENCE SET; Schema: public; Owner: justclothing_user
--

SELECT pg_catalog.setval('public.review_votes_id_seq', 1, false);


--
-- Name: reviews_id_seq; Type: SEQUENCE SET; Schema: public; Owner: justclothing_user
--

SELECT pg_catalog.setval('public.reviews_id_seq', 1, false);


--
-- Name: seller_analytics_id_seq; Type: SEQUENCE SET; Schema: public; Owner: justclothing_user
--

SELECT pg_catalog.setval('public.seller_analytics_id_seq', 1, false);


--
-- Name: seller_followers_id_seq; Type: SEQUENCE SET; Schema: public; Owner: justclothing_user
--

SELECT pg_catalog.setval('public.seller_followers_id_seq', 1, false);


--
-- Name: seller_homepage_products_id_seq; Type: SEQUENCE SET; Schema: public; Owner: justclothing_user
--

SELECT pg_catalog.setval('public.seller_homepage_products_id_seq', 1, true);


--
-- Name: seller_profiles_id_seq; Type: SEQUENCE SET; Schema: public; Owner: justclothing_user
--

SELECT pg_catalog.setval('public.seller_profiles_id_seq', 3, true);


--
-- Name: seller_promo_requests_id_seq; Type: SEQUENCE SET; Schema: public; Owner: justclothing_user
--

SELECT pg_catalog.setval('public.seller_promo_requests_id_seq', 1, false);


--
-- Name: seller_revenue_tracker_id_seq; Type: SEQUENCE SET; Schema: public; Owner: justclothing_user
--

SELECT pg_catalog.setval('public.seller_revenue_tracker_id_seq', 2, true);


--
-- Name: seller_reviews_id_seq; Type: SEQUENCE SET; Schema: public; Owner: justclothing_user
--

SELECT pg_catalog.setval('public.seller_reviews_id_seq', 1, false);


--
-- Name: seller_team_members_id_seq; Type: SEQUENCE SET; Schema: public; Owner: justclothing_user
--

SELECT pg_catalog.setval('public.seller_team_members_id_seq', 1, false);


--
-- Name: shipping_carriers_id_seq; Type: SEQUENCE SET; Schema: public; Owner: justclothing_user
--

SELECT pg_catalog.setval('public.shipping_carriers_id_seq', 1, false);


--
-- Name: shipping_methods_id_seq; Type: SEQUENCE SET; Schema: public; Owner: justclothing_user
--

SELECT pg_catalog.setval('public.shipping_methods_id_seq', 1, false);


--
-- Name: shipping_rates_id_seq; Type: SEQUENCE SET; Schema: public; Owner: justclothing_user
--

SELECT pg_catalog.setval('public.shipping_rates_id_seq', 1, false);


--
-- Name: shipping_settings_id_seq; Type: SEQUENCE SET; Schema: public; Owner: justclothing_user
--

SELECT pg_catalog.setval('public.shipping_settings_id_seq', 1, false);


--
-- Name: shipping_zones_id_seq; Type: SEQUENCE SET; Schema: public; Owner: justclothing_user
--

SELECT pg_catalog.setval('public.shipping_zones_id_seq', 1, false);


--
-- Name: socialaccount_socialaccount_id_seq; Type: SEQUENCE SET; Schema: public; Owner: justclothing_user
--

SELECT pg_catalog.setval('public.socialaccount_socialaccount_id_seq', 1, false);


--
-- Name: socialaccount_socialapp_id_seq; Type: SEQUENCE SET; Schema: public; Owner: justclothing_user
--

SELECT pg_catalog.setval('public.socialaccount_socialapp_id_seq', 1, false);


--
-- Name: socialaccount_socialapp_sites_id_seq; Type: SEQUENCE SET; Schema: public; Owner: justclothing_user
--

SELECT pg_catalog.setval('public.socialaccount_socialapp_sites_id_seq', 1, false);


--
-- Name: socialaccount_socialtoken_id_seq; Type: SEQUENCE SET; Schema: public; Owner: justclothing_user
--

SELECT pg_catalog.setval('public.socialaccount_socialtoken_id_seq', 1, false);


--
-- Name: taggit_tag_id_seq; Type: SEQUENCE SET; Schema: public; Owner: justclothing_user
--

SELECT pg_catalog.setval('public.taggit_tag_id_seq', 4, true);


--
-- Name: taggit_taggeditem_id_seq; Type: SEQUENCE SET; Schema: public; Owner: justclothing_user
--

SELECT pg_catalog.setval('public.taggit_taggeditem_id_seq', 4, true);


--
-- Name: users_groups_id_seq; Type: SEQUENCE SET; Schema: public; Owner: justclothing_user
--

SELECT pg_catalog.setval('public.users_groups_id_seq', 1, false);


--
-- Name: users_id_seq; Type: SEQUENCE SET; Schema: public; Owner: justclothing_user
--

SELECT pg_catalog.setval('public.users_id_seq', 4, true);


--
-- Name: users_user_permissions_id_seq; Type: SEQUENCE SET; Schema: public; Owner: justclothing_user
--

SELECT pg_catalog.setval('public.users_user_permissions_id_seq', 1, false);


--
-- Name: wishlist_items_id_seq; Type: SEQUENCE SET; Schema: public; Owner: justclothing_user
--

SELECT pg_catalog.setval('public.wishlist_items_id_seq', 1, false);


--
-- Name: wishlists_id_seq; Type: SEQUENCE SET; Schema: public; Owner: justclothing_user
--

SELECT pg_catalog.setval('public.wishlists_id_seq', 1, false);


--
-- Name: account_emailaddress account_emailaddress_pkey; Type: CONSTRAINT; Schema: public; Owner: justclothing_user
--

ALTER TABLE ONLY public.account_emailaddress
    ADD CONSTRAINT account_emailaddress_pkey PRIMARY KEY (id);


--
-- Name: account_emailaddress account_emailaddress_user_id_email_987c8728_uniq; Type: CONSTRAINT; Schema: public; Owner: justclothing_user
--

ALTER TABLE ONLY public.account_emailaddress
    ADD CONSTRAINT account_emailaddress_user_id_email_987c8728_uniq UNIQUE (user_id, email);


--
-- Name: account_emailconfirmation account_emailconfirmation_key_key; Type: CONSTRAINT; Schema: public; Owner: justclothing_user
--

ALTER TABLE ONLY public.account_emailconfirmation
    ADD CONSTRAINT account_emailconfirmation_key_key UNIQUE (key);


--
-- Name: account_emailconfirmation account_emailconfirmation_pkey; Type: CONSTRAINT; Schema: public; Owner: justclothing_user
--

ALTER TABLE ONLY public.account_emailconfirmation
    ADD CONSTRAINT account_emailconfirmation_pkey PRIMARY KEY (id);


--
-- Name: addresses addresses_pkey; Type: CONSTRAINT; Schema: public; Owner: justclothing_user
--

ALTER TABLE ONLY public.addresses
    ADD CONSTRAINT addresses_pkey PRIMARY KEY (id);


--
-- Name: admin_notifications admin_notifications_pkey; Type: CONSTRAINT; Schema: public; Owner: justclothing_user
--

ALTER TABLE ONLY public.admin_notifications
    ADD CONSTRAINT admin_notifications_pkey PRIMARY KEY (id);


--
-- Name: auth_group auth_group_name_key; Type: CONSTRAINT; Schema: public; Owner: justclothing_user
--

ALTER TABLE ONLY public.auth_group
    ADD CONSTRAINT auth_group_name_key UNIQUE (name);


--
-- Name: auth_group_permissions auth_group_permissions_group_id_permission_id_0cd325b0_uniq; Type: CONSTRAINT; Schema: public; Owner: justclothing_user
--

ALTER TABLE ONLY public.auth_group_permissions
    ADD CONSTRAINT auth_group_permissions_group_id_permission_id_0cd325b0_uniq UNIQUE (group_id, permission_id);


--
-- Name: auth_group_permissions auth_group_permissions_pkey; Type: CONSTRAINT; Schema: public; Owner: justclothing_user
--

ALTER TABLE ONLY public.auth_group_permissions
    ADD CONSTRAINT auth_group_permissions_pkey PRIMARY KEY (id);


--
-- Name: auth_group auth_group_pkey; Type: CONSTRAINT; Schema: public; Owner: justclothing_user
--

ALTER TABLE ONLY public.auth_group
    ADD CONSTRAINT auth_group_pkey PRIMARY KEY (id);


--
-- Name: auth_permission auth_permission_content_type_id_codename_01ab375a_uniq; Type: CONSTRAINT; Schema: public; Owner: justclothing_user
--

ALTER TABLE ONLY public.auth_permission
    ADD CONSTRAINT auth_permission_content_type_id_codename_01ab375a_uniq UNIQUE (content_type_id, codename);


--
-- Name: auth_permission auth_permission_pkey; Type: CONSTRAINT; Schema: public; Owner: justclothing_user
--

ALTER TABLE ONLY public.auth_permission
    ADD CONSTRAINT auth_permission_pkey PRIMARY KEY (id);


--
-- Name: authtoken_token authtoken_token_pkey; Type: CONSTRAINT; Schema: public; Owner: justclothing_user
--

ALTER TABLE ONLY public.authtoken_token
    ADD CONSTRAINT authtoken_token_pkey PRIMARY KEY (key);


--
-- Name: authtoken_token authtoken_token_user_id_key; Type: CONSTRAINT; Schema: public; Owner: justclothing_user
--

ALTER TABLE ONLY public.authtoken_token
    ADD CONSTRAINT authtoken_token_user_id_key UNIQUE (user_id);


--
-- Name: cart_items cart_items_cart_id_product_id_size_color_6119cf01_uniq; Type: CONSTRAINT; Schema: public; Owner: justclothing_user
--

ALTER TABLE ONLY public.cart_items
    ADD CONSTRAINT cart_items_cart_id_product_id_size_color_6119cf01_uniq UNIQUE (cart_id, product_id, size, color);


--
-- Name: cart_items cart_items_pkey; Type: CONSTRAINT; Schema: public; Owner: justclothing_user
--

ALTER TABLE ONLY public.cart_items
    ADD CONSTRAINT cart_items_pkey PRIMARY KEY (id);


--
-- Name: carts carts_pkey; Type: CONSTRAINT; Schema: public; Owner: justclothing_user
--

ALTER TABLE ONLY public.carts
    ADD CONSTRAINT carts_pkey PRIMARY KEY (id);


--
-- Name: carts carts_user_id_key; Type: CONSTRAINT; Schema: public; Owner: justclothing_user
--

ALTER TABLE ONLY public.carts
    ADD CONSTRAINT carts_user_id_key UNIQUE (user_id);


--
-- Name: categories categories_name_key; Type: CONSTRAINT; Schema: public; Owner: justclothing_user
--

ALTER TABLE ONLY public.categories
    ADD CONSTRAINT categories_name_key UNIQUE (name);


--
-- Name: categories categories_pkey; Type: CONSTRAINT; Schema: public; Owner: justclothing_user
--

ALTER TABLE ONLY public.categories
    ADD CONSTRAINT categories_pkey PRIMARY KEY (id);


--
-- Name: categories categories_slug_key; Type: CONSTRAINT; Schema: public; Owner: justclothing_user
--

ALTER TABLE ONLY public.categories
    ADD CONSTRAINT categories_slug_key UNIQUE (slug);


--
-- Name: collections collections_name_key; Type: CONSTRAINT; Schema: public; Owner: justclothing_user
--

ALTER TABLE ONLY public.collections
    ADD CONSTRAINT collections_name_key UNIQUE (name);


--
-- Name: collections collections_pkey; Type: CONSTRAINT; Schema: public; Owner: justclothing_user
--

ALTER TABLE ONLY public.collections
    ADD CONSTRAINT collections_pkey PRIMARY KEY (id);


--
-- Name: collections collections_slug_key; Type: CONSTRAINT; Schema: public; Owner: justclothing_user
--

ALTER TABLE ONLY public.collections
    ADD CONSTRAINT collections_slug_key UNIQUE (slug);


--
-- Name: customer_profiles customer_profiles_pkey; Type: CONSTRAINT; Schema: public; Owner: justclothing_user
--

ALTER TABLE ONLY public.customer_profiles
    ADD CONSTRAINT customer_profiles_pkey PRIMARY KEY (id);


--
-- Name: customer_profiles_preferred_categories customer_profiles_prefer_customerprofile_id_categ_513305e4_uniq; Type: CONSTRAINT; Schema: public; Owner: justclothing_user
--

ALTER TABLE ONLY public.customer_profiles_preferred_categories
    ADD CONSTRAINT customer_profiles_prefer_customerprofile_id_categ_513305e4_uniq UNIQUE (customerprofile_id, category_id);


--
-- Name: customer_profiles_preferred_categories customer_profiles_preferred_categories_pkey; Type: CONSTRAINT; Schema: public; Owner: justclothing_user
--

ALTER TABLE ONLY public.customer_profiles_preferred_categories
    ADD CONSTRAINT customer_profiles_preferred_categories_pkey PRIMARY KEY (id);


--
-- Name: customer_profiles customer_profiles_user_id_key; Type: CONSTRAINT; Schema: public; Owner: justclothing_user
--

ALTER TABLE ONLY public.customer_profiles
    ADD CONSTRAINT customer_profiles_user_id_key UNIQUE (user_id);


--
-- Name: delivery_attempts delivery_attempts_label_id_attempt_number_e4fe1576_uniq; Type: CONSTRAINT; Schema: public; Owner: justclothing_user
--

ALTER TABLE ONLY public.delivery_attempts
    ADD CONSTRAINT delivery_attempts_label_id_attempt_number_e4fe1576_uniq UNIQUE (label_id, attempt_number);


--
-- Name: delivery_attempts delivery_attempts_pkey; Type: CONSTRAINT; Schema: public; Owner: justclothing_user
--

ALTER TABLE ONLY public.delivery_attempts
    ADD CONSTRAINT delivery_attempts_pkey PRIMARY KEY (id);


--
-- Name: django_admin_log django_admin_log_pkey; Type: CONSTRAINT; Schema: public; Owner: justclothing_user
--

ALTER TABLE ONLY public.django_admin_log
    ADD CONSTRAINT django_admin_log_pkey PRIMARY KEY (id);


--
-- Name: django_content_type django_content_type_app_label_model_76bd3d3b_uniq; Type: CONSTRAINT; Schema: public; Owner: justclothing_user
--

ALTER TABLE ONLY public.django_content_type
    ADD CONSTRAINT django_content_type_app_label_model_76bd3d3b_uniq UNIQUE (app_label, model);


--
-- Name: django_content_type django_content_type_pkey; Type: CONSTRAINT; Schema: public; Owner: justclothing_user
--

ALTER TABLE ONLY public.django_content_type
    ADD CONSTRAINT django_content_type_pkey PRIMARY KEY (id);


--
-- Name: django_migrations django_migrations_pkey; Type: CONSTRAINT; Schema: public; Owner: justclothing_user
--

ALTER TABLE ONLY public.django_migrations
    ADD CONSTRAINT django_migrations_pkey PRIMARY KEY (id);


--
-- Name: django_session django_session_pkey; Type: CONSTRAINT; Schema: public; Owner: justclothing_user
--

ALTER TABLE ONLY public.django_session
    ADD CONSTRAINT django_session_pkey PRIMARY KEY (session_key);


--
-- Name: django_site django_site_domain_a2e37b91_uniq; Type: CONSTRAINT; Schema: public; Owner: justclothing_user
--

ALTER TABLE ONLY public.django_site
    ADD CONSTRAINT django_site_domain_a2e37b91_uniq UNIQUE (domain);


--
-- Name: django_site django_site_pkey; Type: CONSTRAINT; Schema: public; Owner: justclothing_user
--

ALTER TABLE ONLY public.django_site
    ADD CONSTRAINT django_site_pkey PRIMARY KEY (id);


--
-- Name: featured_promos featured_promos_pkey; Type: CONSTRAINT; Schema: public; Owner: justclothing_user
--

ALTER TABLE ONLY public.featured_promos
    ADD CONSTRAINT featured_promos_pkey PRIMARY KEY (id);


--
-- Name: featured_promos_target_user_interests featured_promos_target_u_featuredpromo_id_categor_e313147c_uniq; Type: CONSTRAINT; Schema: public; Owner: justclothing_user
--

ALTER TABLE ONLY public.featured_promos_target_user_interests
    ADD CONSTRAINT featured_promos_target_u_featuredpromo_id_categor_e313147c_uniq UNIQUE (featuredpromo_id, category_id);


--
-- Name: featured_promos_target_user_interests featured_promos_target_user_interests_pkey; Type: CONSTRAINT; Schema: public; Owner: justclothing_user
--

ALTER TABLE ONLY public.featured_promos_target_user_interests
    ADD CONSTRAINT featured_promos_target_user_interests_pkey PRIMARY KEY (id);


--
-- Name: notification_settings notification_settings_pkey; Type: CONSTRAINT; Schema: public; Owner: justclothing_user
--

ALTER TABLE ONLY public.notification_settings
    ADD CONSTRAINT notification_settings_pkey PRIMARY KEY (id);


--
-- Name: notification_settings notification_settings_user_id_key; Type: CONSTRAINT; Schema: public; Owner: justclothing_user
--

ALTER TABLE ONLY public.notification_settings
    ADD CONSTRAINT notification_settings_user_id_key UNIQUE (user_id);


--
-- Name: order_items order_items_pkey; Type: CONSTRAINT; Schema: public; Owner: justclothing_user
--

ALTER TABLE ONLY public.order_items
    ADD CONSTRAINT order_items_pkey PRIMARY KEY (id);


--
-- Name: order_status_history order_status_history_pkey; Type: CONSTRAINT; Schema: public; Owner: justclothing_user
--

ALTER TABLE ONLY public.order_status_history
    ADD CONSTRAINT order_status_history_pkey PRIMARY KEY (id);


--
-- Name: orders orders_pkey; Type: CONSTRAINT; Schema: public; Owner: justclothing_user
--

ALTER TABLE ONLY public.orders
    ADD CONSTRAINT orders_pkey PRIMARY KEY (id);


--
-- Name: popular_products popular_products_pkey; Type: CONSTRAINT; Schema: public; Owner: justclothing_user
--

ALTER TABLE ONLY public.popular_products
    ADD CONSTRAINT popular_products_pkey PRIMARY KEY (id);


--
-- Name: popular_products popular_products_seller_id_product_id_per_276cba4e_uniq; Type: CONSTRAINT; Schema: public; Owner: justclothing_user
--

ALTER TABLE ONLY public.popular_products
    ADD CONSTRAINT popular_products_seller_id_product_id_per_276cba4e_uniq UNIQUE (seller_id, product_id, period_start, period_end);


--
-- Name: product_attribute_types product_attribute_types_name_key; Type: CONSTRAINT; Schema: public; Owner: justclothing_user
--

ALTER TABLE ONLY public.product_attribute_types
    ADD CONSTRAINT product_attribute_types_name_key UNIQUE (name);


--
-- Name: product_attribute_types product_attribute_types_pkey; Type: CONSTRAINT; Schema: public; Owner: justclothing_user
--

ALTER TABLE ONLY public.product_attribute_types
    ADD CONSTRAINT product_attribute_types_pkey PRIMARY KEY (id);


--
-- Name: product_attribute_types product_attribute_types_slug_key; Type: CONSTRAINT; Schema: public; Owner: justclothing_user
--

ALTER TABLE ONLY public.product_attribute_types
    ADD CONSTRAINT product_attribute_types_slug_key UNIQUE (slug);


--
-- Name: product_attributes product_attributes_pkey; Type: CONSTRAINT; Schema: public; Owner: justclothing_user
--

ALTER TABLE ONLY public.product_attributes
    ADD CONSTRAINT product_attributes_pkey PRIMARY KEY (id);


--
-- Name: product_attributes product_attributes_product_id_attribute_type_id_9e162898_uniq; Type: CONSTRAINT; Schema: public; Owner: justclothing_user
--

ALTER TABLE ONLY public.product_attributes
    ADD CONSTRAINT product_attributes_product_id_attribute_type_id_9e162898_uniq UNIQUE (product_id, attribute_type_id);


--
-- Name: product_images product_images_pkey; Type: CONSTRAINT; Schema: public; Owner: justclothing_user
--

ALTER TABLE ONLY public.product_images
    ADD CONSTRAINT product_images_pkey PRIMARY KEY (id);


--
-- Name: product_offers product_offers_pkey; Type: CONSTRAINT; Schema: public; Owner: justclothing_user
--

ALTER TABLE ONLY public.product_offers
    ADD CONSTRAINT product_offers_pkey PRIMARY KEY (id);


--
-- Name: product_variant_attributes product_variant_attribut_variant_id_attribute_typ_bda88da7_uniq; Type: CONSTRAINT; Schema: public; Owner: justclothing_user
--

ALTER TABLE ONLY public.product_variant_attributes
    ADD CONSTRAINT product_variant_attribut_variant_id_attribute_typ_bda88da7_uniq UNIQUE (variant_id, attribute_type_id);


--
-- Name: product_variant_attributes product_variant_attributes_pkey; Type: CONSTRAINT; Schema: public; Owner: justclothing_user
--

ALTER TABLE ONLY public.product_variant_attributes
    ADD CONSTRAINT product_variant_attributes_pkey PRIMARY KEY (id);


--
-- Name: product_variants product_variants_pkey; Type: CONSTRAINT; Schema: public; Owner: justclothing_user
--

ALTER TABLE ONLY public.product_variants
    ADD CONSTRAINT product_variants_pkey PRIMARY KEY (id);


--
-- Name: product_variants product_variants_product_id_size_color_52f9365c_uniq; Type: CONSTRAINT; Schema: public; Owner: justclothing_user
--

ALTER TABLE ONLY public.product_variants
    ADD CONSTRAINT product_variants_product_id_size_color_52f9365c_uniq UNIQUE (product_id, size, color);


--
-- Name: product_variants product_variants_sku_key; Type: CONSTRAINT; Schema: public; Owner: justclothing_user
--

ALTER TABLE ONLY public.product_variants
    ADD CONSTRAINT product_variants_sku_key UNIQUE (sku);


--
-- Name: product_videos product_videos_pkey; Type: CONSTRAINT; Schema: public; Owner: justclothing_user
--

ALTER TABLE ONLY public.product_videos
    ADD CONSTRAINT product_videos_pkey PRIMARY KEY (id);


--
-- Name: products products_pkey; Type: CONSTRAINT; Schema: public; Owner: justclothing_user
--

ALTER TABLE ONLY public.products
    ADD CONSTRAINT products_pkey PRIMARY KEY (id);


--
-- Name: products products_slug_key; Type: CONSTRAINT; Schema: public; Owner: justclothing_user
--

ALTER TABLE ONLY public.products
    ADD CONSTRAINT products_slug_key UNIQUE (slug);


--
-- Name: promo_codes promo_codes_code_key; Type: CONSTRAINT; Schema: public; Owner: justclothing_user
--

ALTER TABLE ONLY public.promo_codes
    ADD CONSTRAINT promo_codes_code_key UNIQUE (code);


--
-- Name: promo_codes promo_codes_pkey; Type: CONSTRAINT; Schema: public; Owner: justclothing_user
--

ALTER TABLE ONLY public.promo_codes
    ADD CONSTRAINT promo_codes_pkey PRIMARY KEY (id);


--
-- Name: promo_impressions promo_impressions_pkey; Type: CONSTRAINT; Schema: public; Owner: justclothing_user
--

ALTER TABLE ONLY public.promo_impressions
    ADD CONSTRAINT promo_impressions_pkey PRIMARY KEY (id);


--
-- Name: promo_requests promo_requests_pkey; Type: CONSTRAINT; Schema: public; Owner: justclothing_user
--

ALTER TABLE ONLY public.promo_requests
    ADD CONSTRAINT promo_requests_pkey PRIMARY KEY (id);


--
-- Name: promo_requests_target_products promo_requests_target_pr_promorequest_id_product__982a70cd_uniq; Type: CONSTRAINT; Schema: public; Owner: justclothing_user
--

ALTER TABLE ONLY public.promo_requests_target_products
    ADD CONSTRAINT promo_requests_target_pr_promorequest_id_product__982a70cd_uniq UNIQUE (promorequest_id, product_id);


--
-- Name: promo_requests_target_products promo_requests_target_products_pkey; Type: CONSTRAINT; Schema: public; Owner: justclothing_user
--

ALTER TABLE ONLY public.promo_requests_target_products
    ADD CONSTRAINT promo_requests_target_products_pkey PRIMARY KEY (id);


--
-- Name: promo_usages promo_usages_pkey; Type: CONSTRAINT; Schema: public; Owner: justclothing_user
--

ALTER TABLE ONLY public.promo_usages
    ADD CONSTRAINT promo_usages_pkey PRIMARY KEY (id);


--
-- Name: promotional_campaigns promotional_campaigns_pkey; Type: CONSTRAINT; Schema: public; Owner: justclothing_user
--

ALTER TABLE ONLY public.promotional_campaigns
    ADD CONSTRAINT promotional_campaigns_pkey PRIMARY KEY (id);


--
-- Name: promotional_campaigns_target_categories promotional_campaigns_ta_promotionalcampaign_id_c_6210f249_uniq; Type: CONSTRAINT; Schema: public; Owner: justclothing_user
--

ALTER TABLE ONLY public.promotional_campaigns_target_categories
    ADD CONSTRAINT promotional_campaigns_ta_promotionalcampaign_id_c_6210f249_uniq UNIQUE (promotionalcampaign_id, category_id);


--
-- Name: promotional_campaigns_target_products promotional_campaigns_ta_promotionalcampaign_id_p_1306d070_uniq; Type: CONSTRAINT; Schema: public; Owner: justclothing_user
--

ALTER TABLE ONLY public.promotional_campaigns_target_products
    ADD CONSTRAINT promotional_campaigns_ta_promotionalcampaign_id_p_1306d070_uniq UNIQUE (promotionalcampaign_id, product_id);


--
-- Name: promotional_campaigns_target_categories promotional_campaigns_target_categories_pkey; Type: CONSTRAINT; Schema: public; Owner: justclothing_user
--

ALTER TABLE ONLY public.promotional_campaigns_target_categories
    ADD CONSTRAINT promotional_campaigns_target_categories_pkey PRIMARY KEY (id);


--
-- Name: promotional_campaigns_target_products promotional_campaigns_target_products_pkey; Type: CONSTRAINT; Schema: public; Owner: justclothing_user
--

ALTER TABLE ONLY public.promotional_campaigns_target_products
    ADD CONSTRAINT promotional_campaigns_target_products_pkey PRIMARY KEY (id);


--
-- Name: promotions_applicable_categories promotions_applicable_ca_promotion_id_category_id_ea8c9f5f_uniq; Type: CONSTRAINT; Schema: public; Owner: justclothing_user
--

ALTER TABLE ONLY public.promotions_applicable_categories
    ADD CONSTRAINT promotions_applicable_ca_promotion_id_category_id_ea8c9f5f_uniq UNIQUE (promotion_id, category_id);


--
-- Name: promotions_applicable_categories promotions_applicable_categories_pkey; Type: CONSTRAINT; Schema: public; Owner: justclothing_user
--

ALTER TABLE ONLY public.promotions_applicable_categories
    ADD CONSTRAINT promotions_applicable_categories_pkey PRIMARY KEY (id);


--
-- Name: promotions_applicable_products promotions_applicable_pr_promotion_id_product_id_47b37c58_uniq; Type: CONSTRAINT; Schema: public; Owner: justclothing_user
--

ALTER TABLE ONLY public.promotions_applicable_products
    ADD CONSTRAINT promotions_applicable_pr_promotion_id_product_id_47b37c58_uniq UNIQUE (promotion_id, product_id);


--
-- Name: promotions_applicable_products promotions_applicable_products_pkey; Type: CONSTRAINT; Schema: public; Owner: justclothing_user
--

ALTER TABLE ONLY public.promotions_applicable_products
    ADD CONSTRAINT promotions_applicable_products_pkey PRIMARY KEY (id);


--
-- Name: promotions_applicable_sellers promotions_applicable_se_promotion_id_sellerprofi_8f431951_uniq; Type: CONSTRAINT; Schema: public; Owner: justclothing_user
--

ALTER TABLE ONLY public.promotions_applicable_sellers
    ADD CONSTRAINT promotions_applicable_se_promotion_id_sellerprofi_8f431951_uniq UNIQUE (promotion_id, sellerprofile_id);


--
-- Name: promotions_applicable_sellers promotions_applicable_sellers_pkey; Type: CONSTRAINT; Schema: public; Owner: justclothing_user
--

ALTER TABLE ONLY public.promotions_applicable_sellers
    ADD CONSTRAINT promotions_applicable_sellers_pkey PRIMARY KEY (id);


--
-- Name: promotions promotions_pkey; Type: CONSTRAINT; Schema: public; Owner: justclothing_user
--

ALTER TABLE ONLY public.promotions
    ADD CONSTRAINT promotions_pkey PRIMARY KEY (id);


--
-- Name: review_images review_images_pkey; Type: CONSTRAINT; Schema: public; Owner: justclothing_user
--

ALTER TABLE ONLY public.review_images
    ADD CONSTRAINT review_images_pkey PRIMARY KEY (id);


--
-- Name: review_replies review_replies_pkey; Type: CONSTRAINT; Schema: public; Owner: justclothing_user
--

ALTER TABLE ONLY public.review_replies
    ADD CONSTRAINT review_replies_pkey PRIMARY KEY (id);


--
-- Name: review_replies review_replies_review_id_key; Type: CONSTRAINT; Schema: public; Owner: justclothing_user
--

ALTER TABLE ONLY public.review_replies
    ADD CONSTRAINT review_replies_review_id_key UNIQUE (review_id);


--
-- Name: review_reports review_reports_pkey; Type: CONSTRAINT; Schema: public; Owner: justclothing_user
--

ALTER TABLE ONLY public.review_reports
    ADD CONSTRAINT review_reports_pkey PRIMARY KEY (id);


--
-- Name: review_reports review_reports_review_id_reported_by_id_768ef435_uniq; Type: CONSTRAINT; Schema: public; Owner: justclothing_user
--

ALTER TABLE ONLY public.review_reports
    ADD CONSTRAINT review_reports_review_id_reported_by_id_768ef435_uniq UNIQUE (review_id, reported_by_id);


--
-- Name: review_votes review_votes_pkey; Type: CONSTRAINT; Schema: public; Owner: justclothing_user
--

ALTER TABLE ONLY public.review_votes
    ADD CONSTRAINT review_votes_pkey PRIMARY KEY (id);


--
-- Name: review_votes review_votes_review_id_user_id_2e8dd727_uniq; Type: CONSTRAINT; Schema: public; Owner: justclothing_user
--

ALTER TABLE ONLY public.review_votes
    ADD CONSTRAINT review_votes_review_id_user_id_2e8dd727_uniq UNIQUE (review_id, user_id);


--
-- Name: reviews reviews_pkey; Type: CONSTRAINT; Schema: public; Owner: justclothing_user
--

ALTER TABLE ONLY public.reviews
    ADD CONSTRAINT reviews_pkey PRIMARY KEY (id);


--
-- Name: seller_analytics seller_analytics_pkey; Type: CONSTRAINT; Schema: public; Owner: justclothing_user
--

ALTER TABLE ONLY public.seller_analytics
    ADD CONSTRAINT seller_analytics_pkey PRIMARY KEY (id);


--
-- Name: seller_analytics seller_analytics_seller_id_date_c0625151_uniq; Type: CONSTRAINT; Schema: public; Owner: justclothing_user
--

ALTER TABLE ONLY public.seller_analytics
    ADD CONSTRAINT seller_analytics_seller_id_date_c0625151_uniq UNIQUE (seller_id, date);


--
-- Name: seller_followers seller_followers_pkey; Type: CONSTRAINT; Schema: public; Owner: justclothing_user
--

ALTER TABLE ONLY public.seller_followers
    ADD CONSTRAINT seller_followers_pkey PRIMARY KEY (id);


--
-- Name: seller_followers seller_followers_seller_id_user_id_a5d83d81_uniq; Type: CONSTRAINT; Schema: public; Owner: justclothing_user
--

ALTER TABLE ONLY public.seller_followers
    ADD CONSTRAINT seller_followers_seller_id_user_id_a5d83d81_uniq UNIQUE (seller_id, user_id);


--
-- Name: seller_homepage_products seller_homepage_products_pkey; Type: CONSTRAINT; Schema: public; Owner: justclothing_user
--

ALTER TABLE ONLY public.seller_homepage_products
    ADD CONSTRAINT seller_homepage_products_pkey PRIMARY KEY (id);


--
-- Name: seller_homepage_products seller_homepage_products_seller_id_order_b13347bf_uniq; Type: CONSTRAINT; Schema: public; Owner: justclothing_user
--

ALTER TABLE ONLY public.seller_homepage_products
    ADD CONSTRAINT seller_homepage_products_seller_id_order_b13347bf_uniq UNIQUE (seller_id, "order");


--
-- Name: seller_profiles seller_profiles_pkey; Type: CONSTRAINT; Schema: public; Owner: justclothing_user
--

ALTER TABLE ONLY public.seller_profiles
    ADD CONSTRAINT seller_profiles_pkey PRIMARY KEY (id);


--
-- Name: seller_profiles seller_profiles_user_id_key; Type: CONSTRAINT; Schema: public; Owner: justclothing_user
--

ALTER TABLE ONLY public.seller_profiles
    ADD CONSTRAINT seller_profiles_user_id_key UNIQUE (user_id);


--
-- Name: seller_promo_requests seller_promo_requests_created_promo_id_key; Type: CONSTRAINT; Schema: public; Owner: justclothing_user
--

ALTER TABLE ONLY public.seller_promo_requests
    ADD CONSTRAINT seller_promo_requests_created_promo_id_key UNIQUE (created_promo_id);


--
-- Name: seller_promo_requests seller_promo_requests_pkey; Type: CONSTRAINT; Schema: public; Owner: justclothing_user
--

ALTER TABLE ONLY public.seller_promo_requests
    ADD CONSTRAINT seller_promo_requests_pkey PRIMARY KEY (id);


--
-- Name: seller_revenue_tracker seller_revenue_tracker_pkey; Type: CONSTRAINT; Schema: public; Owner: justclothing_user
--

ALTER TABLE ONLY public.seller_revenue_tracker
    ADD CONSTRAINT seller_revenue_tracker_pkey PRIMARY KEY (id);


--
-- Name: seller_revenue_tracker seller_revenue_tracker_seller_id_key; Type: CONSTRAINT; Schema: public; Owner: justclothing_user
--

ALTER TABLE ONLY public.seller_revenue_tracker
    ADD CONSTRAINT seller_revenue_tracker_seller_id_key UNIQUE (seller_id);


--
-- Name: seller_reviews seller_reviews_pkey; Type: CONSTRAINT; Schema: public; Owner: justclothing_user
--

ALTER TABLE ONLY public.seller_reviews
    ADD CONSTRAINT seller_reviews_pkey PRIMARY KEY (id);


--
-- Name: seller_team_members seller_team_members_pkey; Type: CONSTRAINT; Schema: public; Owner: justclothing_user
--

ALTER TABLE ONLY public.seller_team_members
    ADD CONSTRAINT seller_team_members_pkey PRIMARY KEY (id);


--
-- Name: seller_team_members seller_team_members_seller_id_user_id_10de1f46_uniq; Type: CONSTRAINT; Schema: public; Owner: justclothing_user
--

ALTER TABLE ONLY public.seller_team_members
    ADD CONSTRAINT seller_team_members_seller_id_user_id_10de1f46_uniq UNIQUE (seller_id, user_id);


--
-- Name: shipping_carriers shipping_carriers_code_key; Type: CONSTRAINT; Schema: public; Owner: justclothing_user
--

ALTER TABLE ONLY public.shipping_carriers
    ADD CONSTRAINT shipping_carriers_code_key UNIQUE (code);


--
-- Name: shipping_carriers shipping_carriers_pkey; Type: CONSTRAINT; Schema: public; Owner: justclothing_user
--

ALTER TABLE ONLY public.shipping_carriers
    ADD CONSTRAINT shipping_carriers_pkey PRIMARY KEY (id);


--
-- Name: shipping_labels shipping_labels_pkey; Type: CONSTRAINT; Schema: public; Owner: justclothing_user
--

ALTER TABLE ONLY public.shipping_labels
    ADD CONSTRAINT shipping_labels_pkey PRIMARY KEY (id);


--
-- Name: shipping_labels shipping_labels_tracking_number_key; Type: CONSTRAINT; Schema: public; Owner: justclothing_user
--

ALTER TABLE ONLY public.shipping_labels
    ADD CONSTRAINT shipping_labels_tracking_number_key UNIQUE (tracking_number);


--
-- Name: shipping_methods shipping_methods_pkey; Type: CONSTRAINT; Schema: public; Owner: justclothing_user
--

ALTER TABLE ONLY public.shipping_methods
    ADD CONSTRAINT shipping_methods_pkey PRIMARY KEY (id);


--
-- Name: shipping_rates shipping_rates_pkey; Type: CONSTRAINT; Schema: public; Owner: justclothing_user
--

ALTER TABLE ONLY public.shipping_rates
    ADD CONSTRAINT shipping_rates_pkey PRIMARY KEY (id);


--
-- Name: shipping_rates shipping_rates_zone_id_method_id_d4db951d_uniq; Type: CONSTRAINT; Schema: public; Owner: justclothing_user
--

ALTER TABLE ONLY public.shipping_rates
    ADD CONSTRAINT shipping_rates_zone_id_method_id_d4db951d_uniq UNIQUE (zone_id, method_id);


--
-- Name: shipping_settings shipping_settings_pkey; Type: CONSTRAINT; Schema: public; Owner: justclothing_user
--

ALTER TABLE ONLY public.shipping_settings
    ADD CONSTRAINT shipping_settings_pkey PRIMARY KEY (id);


--
-- Name: shipping_zones shipping_zones_pkey; Type: CONSTRAINT; Schema: public; Owner: justclothing_user
--

ALTER TABLE ONLY public.shipping_zones
    ADD CONSTRAINT shipping_zones_pkey PRIMARY KEY (id);


--
-- Name: socialaccount_socialaccount socialaccount_socialaccount_pkey; Type: CONSTRAINT; Schema: public; Owner: justclothing_user
--

ALTER TABLE ONLY public.socialaccount_socialaccount
    ADD CONSTRAINT socialaccount_socialaccount_pkey PRIMARY KEY (id);


--
-- Name: socialaccount_socialaccount socialaccount_socialaccount_provider_uid_fc810c6e_uniq; Type: CONSTRAINT; Schema: public; Owner: justclothing_user
--

ALTER TABLE ONLY public.socialaccount_socialaccount
    ADD CONSTRAINT socialaccount_socialaccount_provider_uid_fc810c6e_uniq UNIQUE (provider, uid);


--
-- Name: socialaccount_socialapp_sites socialaccount_socialapp__socialapp_id_site_id_71a9a768_uniq; Type: CONSTRAINT; Schema: public; Owner: justclothing_user
--

ALTER TABLE ONLY public.socialaccount_socialapp_sites
    ADD CONSTRAINT socialaccount_socialapp__socialapp_id_site_id_71a9a768_uniq UNIQUE (socialapp_id, site_id);


--
-- Name: socialaccount_socialapp socialaccount_socialapp_pkey; Type: CONSTRAINT; Schema: public; Owner: justclothing_user
--

ALTER TABLE ONLY public.socialaccount_socialapp
    ADD CONSTRAINT socialaccount_socialapp_pkey PRIMARY KEY (id);


--
-- Name: socialaccount_socialapp_sites socialaccount_socialapp_sites_pkey; Type: CONSTRAINT; Schema: public; Owner: justclothing_user
--

ALTER TABLE ONLY public.socialaccount_socialapp_sites
    ADD CONSTRAINT socialaccount_socialapp_sites_pkey PRIMARY KEY (id);


--
-- Name: socialaccount_socialtoken socialaccount_socialtoken_app_id_account_id_fca4e0ac_uniq; Type: CONSTRAINT; Schema: public; Owner: justclothing_user
--

ALTER TABLE ONLY public.socialaccount_socialtoken
    ADD CONSTRAINT socialaccount_socialtoken_app_id_account_id_fca4e0ac_uniq UNIQUE (app_id, account_id);


--
-- Name: socialaccount_socialtoken socialaccount_socialtoken_pkey; Type: CONSTRAINT; Schema: public; Owner: justclothing_user
--

ALTER TABLE ONLY public.socialaccount_socialtoken
    ADD CONSTRAINT socialaccount_socialtoken_pkey PRIMARY KEY (id);


--
-- Name: taggit_tag taggit_tag_name_key; Type: CONSTRAINT; Schema: public; Owner: justclothing_user
--

ALTER TABLE ONLY public.taggit_tag
    ADD CONSTRAINT taggit_tag_name_key UNIQUE (name);


--
-- Name: taggit_tag taggit_tag_pkey; Type: CONSTRAINT; Schema: public; Owner: justclothing_user
--

ALTER TABLE ONLY public.taggit_tag
    ADD CONSTRAINT taggit_tag_pkey PRIMARY KEY (id);


--
-- Name: taggit_tag taggit_tag_slug_key; Type: CONSTRAINT; Schema: public; Owner: justclothing_user
--

ALTER TABLE ONLY public.taggit_tag
    ADD CONSTRAINT taggit_tag_slug_key UNIQUE (slug);


--
-- Name: taggit_taggeditem taggit_taggeditem_content_type_id_object_id_tag_id_4bb97a8e_uni; Type: CONSTRAINT; Schema: public; Owner: justclothing_user
--

ALTER TABLE ONLY public.taggit_taggeditem
    ADD CONSTRAINT taggit_taggeditem_content_type_id_object_id_tag_id_4bb97a8e_uni UNIQUE (content_type_id, object_id, tag_id);


--
-- Name: taggit_taggeditem taggit_taggeditem_pkey; Type: CONSTRAINT; Schema: public; Owner: justclothing_user
--

ALTER TABLE ONLY public.taggit_taggeditem
    ADD CONSTRAINT taggit_taggeditem_pkey PRIMARY KEY (id);


--
-- Name: user_notifications user_notifications_pkey; Type: CONSTRAINT; Schema: public; Owner: justclothing_user
--

ALTER TABLE ONLY public.user_notifications
    ADD CONSTRAINT user_notifications_pkey PRIMARY KEY (id);


--
-- Name: users users_email_key; Type: CONSTRAINT; Schema: public; Owner: justclothing_user
--

ALTER TABLE ONLY public.users
    ADD CONSTRAINT users_email_key UNIQUE (email);


--
-- Name: users_groups users_groups_pkey; Type: CONSTRAINT; Schema: public; Owner: justclothing_user
--

ALTER TABLE ONLY public.users_groups
    ADD CONSTRAINT users_groups_pkey PRIMARY KEY (id);


--
-- Name: users_groups users_groups_user_id_group_id_fc7788e8_uniq; Type: CONSTRAINT; Schema: public; Owner: justclothing_user
--

ALTER TABLE ONLY public.users_groups
    ADD CONSTRAINT users_groups_user_id_group_id_fc7788e8_uniq UNIQUE (user_id, group_id);


--
-- Name: users users_pkey; Type: CONSTRAINT; Schema: public; Owner: justclothing_user
--

ALTER TABLE ONLY public.users
    ADD CONSTRAINT users_pkey PRIMARY KEY (id);


--
-- Name: users_user_permissions users_user_permissions_pkey; Type: CONSTRAINT; Schema: public; Owner: justclothing_user
--

ALTER TABLE ONLY public.users_user_permissions
    ADD CONSTRAINT users_user_permissions_pkey PRIMARY KEY (id);


--
-- Name: users_user_permissions users_user_permissions_user_id_permission_id_3b86cbdf_uniq; Type: CONSTRAINT; Schema: public; Owner: justclothing_user
--

ALTER TABLE ONLY public.users_user_permissions
    ADD CONSTRAINT users_user_permissions_user_id_permission_id_3b86cbdf_uniq UNIQUE (user_id, permission_id);


--
-- Name: users users_username_key; Type: CONSTRAINT; Schema: public; Owner: justclothing_user
--

ALTER TABLE ONLY public.users
    ADD CONSTRAINT users_username_key UNIQUE (username);


--
-- Name: wishlist_items wishlist_items_pkey; Type: CONSTRAINT; Schema: public; Owner: justclothing_user
--

ALTER TABLE ONLY public.wishlist_items
    ADD CONSTRAINT wishlist_items_pkey PRIMARY KEY (id);


--
-- Name: wishlist_items wishlist_items_wishlist_id_product_id_cc999fef_uniq; Type: CONSTRAINT; Schema: public; Owner: justclothing_user
--

ALTER TABLE ONLY public.wishlist_items
    ADD CONSTRAINT wishlist_items_wishlist_id_product_id_cc999fef_uniq UNIQUE (wishlist_id, product_id);


--
-- Name: wishlists wishlists_pkey; Type: CONSTRAINT; Schema: public; Owner: justclothing_user
--

ALTER TABLE ONLY public.wishlists
    ADD CONSTRAINT wishlists_pkey PRIMARY KEY (id);


--
-- Name: wishlists wishlists_user_id_key; Type: CONSTRAINT; Schema: public; Owner: justclothing_user
--

ALTER TABLE ONLY public.wishlists
    ADD CONSTRAINT wishlists_user_id_key UNIQUE (user_id);


--
-- Name: account_emailaddress_upper; Type: INDEX; Schema: public; Owner: justclothing_user
--

CREATE INDEX account_emailaddress_upper ON public.account_emailaddress USING btree (upper((email)::text));


--
-- Name: account_emailaddress_user_id_2c513194; Type: INDEX; Schema: public; Owner: justclothing_user
--

CREATE INDEX account_emailaddress_user_id_2c513194 ON public.account_emailaddress USING btree (user_id);


--
-- Name: account_emailconfirmation_email_address_id_5b7f8c58; Type: INDEX; Schema: public; Owner: justclothing_user
--

CREATE INDEX account_emailconfirmation_email_address_id_5b7f8c58 ON public.account_emailconfirmation USING btree (email_address_id);


--
-- Name: account_emailconfirmation_key_f43612bd_like; Type: INDEX; Schema: public; Owner: justclothing_user
--

CREATE INDEX account_emailconfirmation_key_f43612bd_like ON public.account_emailconfirmation USING btree (key varchar_pattern_ops);


--
-- Name: addresses_city_dfd875_idx; Type: INDEX; Schema: public; Owner: justclothing_user
--

CREATE INDEX addresses_city_dfd875_idx ON public.addresses USING btree (city);


--
-- Name: addresses_postal__0e4029_idx; Type: INDEX; Schema: public; Owner: justclothing_user
--

CREATE INDEX addresses_postal__0e4029_idx ON public.addresses USING btree (postal_code);


--
-- Name: addresses_user_id_41b398_idx; Type: INDEX; Schema: public; Owner: justclothing_user
--

CREATE INDEX addresses_user_id_41b398_idx ON public.addresses USING btree (user_id, is_default);


--
-- Name: addresses_user_id_d930d1dc; Type: INDEX; Schema: public; Owner: justclothing_user
--

CREATE INDEX addresses_user_id_d930d1dc ON public.addresses USING btree (user_id);


--
-- Name: admin_notif_is_reso_fc1b8b_idx; Type: INDEX; Schema: public; Owner: justclothing_user
--

CREATE INDEX admin_notif_is_reso_fc1b8b_idx ON public.admin_notifications USING btree (is_resolved);


--
-- Name: admin_notif_priorit_462015_idx; Type: INDEX; Schema: public; Owner: justclothing_user
--

CREATE INDEX admin_notif_priorit_462015_idx ON public.admin_notifications USING btree (priority, created_at);


--
-- Name: admin_notif_type_52c1b1_idx; Type: INDEX; Schema: public; Owner: justclothing_user
--

CREATE INDEX admin_notif_type_52c1b1_idx ON public.admin_notifications USING btree (type, is_read);


--
-- Name: admin_notifications_resolved_by_id_3b95c98c; Type: INDEX; Schema: public; Owner: justclothing_user
--

CREATE INDEX admin_notifications_resolved_by_id_3b95c98c ON public.admin_notifications USING btree (resolved_by_id);


--
-- Name: auth_group_name_a6ea08ec_like; Type: INDEX; Schema: public; Owner: justclothing_user
--

CREATE INDEX auth_group_name_a6ea08ec_like ON public.auth_group USING btree (name varchar_pattern_ops);


--
-- Name: auth_group_permissions_group_id_b120cbf9; Type: INDEX; Schema: public; Owner: justclothing_user
--

CREATE INDEX auth_group_permissions_group_id_b120cbf9 ON public.auth_group_permissions USING btree (group_id);


--
-- Name: auth_group_permissions_permission_id_84c5c92e; Type: INDEX; Schema: public; Owner: justclothing_user
--

CREATE INDEX auth_group_permissions_permission_id_84c5c92e ON public.auth_group_permissions USING btree (permission_id);


--
-- Name: auth_permission_content_type_id_2f476e4b; Type: INDEX; Schema: public; Owner: justclothing_user
--

CREATE INDEX auth_permission_content_type_id_2f476e4b ON public.auth_permission USING btree (content_type_id);


--
-- Name: authtoken_token_key_10f0b77e_like; Type: INDEX; Schema: public; Owner: justclothing_user
--

CREATE INDEX authtoken_token_key_10f0b77e_like ON public.authtoken_token USING btree (key varchar_pattern_ops);


--
-- Name: cart_items_cart_id_54d2714b; Type: INDEX; Schema: public; Owner: justclothing_user
--

CREATE INDEX cart_items_cart_id_54d2714b ON public.cart_items USING btree (cart_id);


--
-- Name: cart_items_product_id_9398bb89; Type: INDEX; Schema: public; Owner: justclothing_user
--

CREATE INDEX cart_items_product_id_9398bb89 ON public.cart_items USING btree (product_id);


--
-- Name: categories_is_acti_aae090_idx; Type: INDEX; Schema: public; Owner: justclothing_user
--

CREATE INDEX categories_is_acti_aae090_idx ON public.categories USING btree (is_active);


--
-- Name: categories_name_09afee77_like; Type: INDEX; Schema: public; Owner: justclothing_user
--

CREATE INDEX categories_name_09afee77_like ON public.categories USING btree (name varchar_pattern_ops);


--
-- Name: categories_name_98d7d5_idx; Type: INDEX; Schema: public; Owner: justclothing_user
--

CREATE INDEX categories_name_98d7d5_idx ON public.categories USING btree (name);


--
-- Name: categories_parent_id_fc02df82; Type: INDEX; Schema: public; Owner: justclothing_user
--

CREATE INDEX categories_parent_id_fc02df82 ON public.categories USING btree (parent_id);


--
-- Name: categories_slug_9bedfe6b_like; Type: INDEX; Schema: public; Owner: justclothing_user
--

CREATE INDEX categories_slug_9bedfe6b_like ON public.categories USING btree (slug varchar_pattern_ops);


--
-- Name: categories_slug_b4303a_idx; Type: INDEX; Schema: public; Owner: justclothing_user
--

CREATE INDEX categories_slug_b4303a_idx ON public.categories USING btree (slug);


--
-- Name: collections_is_acti_b65401_idx; Type: INDEX; Schema: public; Owner: justclothing_user
--

CREATE INDEX collections_is_acti_b65401_idx ON public.collections USING btree (is_active);


--
-- Name: collections_name_2c2ce2_idx; Type: INDEX; Schema: public; Owner: justclothing_user
--

CREATE INDEX collections_name_2c2ce2_idx ON public.collections USING btree (name);


--
-- Name: collections_name_c898e2c4_like; Type: INDEX; Schema: public; Owner: justclothing_user
--

CREATE INDEX collections_name_c898e2c4_like ON public.collections USING btree (name varchar_pattern_ops);


--
-- Name: collections_slug_070b0ee3_like; Type: INDEX; Schema: public; Owner: justclothing_user
--

CREATE INDEX collections_slug_070b0ee3_like ON public.collections USING btree (slug varchar_pattern_ops);


--
-- Name: collections_slug_f91862_idx; Type: INDEX; Schema: public; Owner: justclothing_user
--

CREATE INDEX collections_slug_f91862_idx ON public.collections USING btree (slug);


--
-- Name: customer_profiles_preferre_customerprofile_id_82a4025c; Type: INDEX; Schema: public; Owner: justclothing_user
--

CREATE INDEX customer_profiles_preferre_customerprofile_id_82a4025c ON public.customer_profiles_preferred_categories USING btree (customerprofile_id);


--
-- Name: customer_profiles_preferred_categories_category_id_5a5ee91b; Type: INDEX; Schema: public; Owner: justclothing_user
--

CREATE INDEX customer_profiles_preferred_categories_category_id_5a5ee91b ON public.customer_profiles_preferred_categories USING btree (category_id);


--
-- Name: delivery_at_label_i_8be0e5_idx; Type: INDEX; Schema: public; Owner: justclothing_user
--

CREATE INDEX delivery_at_label_i_8be0e5_idx ON public.delivery_attempts USING btree (label_id, attempted_at);


--
-- Name: delivery_at_status_6dc4df_idx; Type: INDEX; Schema: public; Owner: justclothing_user
--

CREATE INDEX delivery_at_status_6dc4df_idx ON public.delivery_attempts USING btree (status);


--
-- Name: delivery_attempts_label_id_cc8a99e6; Type: INDEX; Schema: public; Owner: justclothing_user
--

CREATE INDEX delivery_attempts_label_id_cc8a99e6 ON public.delivery_attempts USING btree (label_id);


--
-- Name: django_admin_log_content_type_id_c4bce8eb; Type: INDEX; Schema: public; Owner: justclothing_user
--

CREATE INDEX django_admin_log_content_type_id_c4bce8eb ON public.django_admin_log USING btree (content_type_id);


--
-- Name: django_admin_log_user_id_c564eba6; Type: INDEX; Schema: public; Owner: justclothing_user
--

CREATE INDEX django_admin_log_user_id_c564eba6 ON public.django_admin_log USING btree (user_id);


--
-- Name: django_session_expire_date_a5c62663; Type: INDEX; Schema: public; Owner: justclothing_user
--

CREATE INDEX django_session_expire_date_a5c62663 ON public.django_session USING btree (expire_date);


--
-- Name: django_session_session_key_c0390e0f_like; Type: INDEX; Schema: public; Owner: justclothing_user
--

CREATE INDEX django_session_session_key_c0390e0f_like ON public.django_session USING btree (session_key varchar_pattern_ops);


--
-- Name: django_site_domain_a2e37b91_like; Type: INDEX; Schema: public; Owner: justclothing_user
--

CREATE INDEX django_site_domain_a2e37b91_like ON public.django_site USING btree (domain varchar_pattern_ops);


--
-- Name: featured_pr_placeme_117244_idx; Type: INDEX; Schema: public; Owner: justclothing_user
--

CREATE INDEX featured_pr_placeme_117244_idx ON public.featured_promos USING btree (placement, is_active, priority);


--
-- Name: featured_pr_promoti_e31ab6_idx; Type: INDEX; Schema: public; Owner: justclothing_user
--

CREATE INDEX featured_pr_promoti_e31ab6_idx ON public.featured_promos USING btree (promotion_start, promotion_end);


--
-- Name: featured_promos_created_by_id_e6e0826c; Type: INDEX; Schema: public; Owner: justclothing_user
--

CREATE INDEX featured_promos_created_by_id_e6e0826c ON public.featured_promos USING btree (created_by_id);


--
-- Name: featured_promos_promo_code_id_3266e141; Type: INDEX; Schema: public; Owner: justclothing_user
--

CREATE INDEX featured_promos_promo_code_id_3266e141 ON public.featured_promos USING btree (promo_code_id);


--
-- Name: featured_promos_target_user_interests_category_id_d6cb6156; Type: INDEX; Schema: public; Owner: justclothing_user
--

CREATE INDEX featured_promos_target_user_interests_category_id_d6cb6156 ON public.featured_promos_target_user_interests USING btree (category_id);


--
-- Name: featured_promos_target_user_interests_featuredpromo_id_58202b0b; Type: INDEX; Schema: public; Owner: justclothing_user
--

CREATE INDEX featured_promos_target_user_interests_featuredpromo_id_58202b0b ON public.featured_promos_target_user_interests USING btree (featuredpromo_id);


--
-- Name: order_items_order_id_412ad78b; Type: INDEX; Schema: public; Owner: justclothing_user
--

CREATE INDEX order_items_order_id_412ad78b ON public.order_items USING btree (order_id);


--
-- Name: order_items_order_id_412ad78b_like; Type: INDEX; Schema: public; Owner: justclothing_user
--

CREATE INDEX order_items_order_id_412ad78b_like ON public.order_items USING btree (order_id varchar_pattern_ops);


--
-- Name: order_items_product_id_dd557d5a; Type: INDEX; Schema: public; Owner: justclothing_user
--

CREATE INDEX order_items_product_id_dd557d5a ON public.order_items USING btree (product_id);


--
-- Name: order_statu_order_i_8e55d1_idx; Type: INDEX; Schema: public; Owner: justclothing_user
--

CREATE INDEX order_statu_order_i_8e55d1_idx ON public.order_status_history USING btree (order_id, created_at);


--
-- Name: order_statu_order_i_e4b5de_idx; Type: INDEX; Schema: public; Owner: justclothing_user
--

CREATE INDEX order_statu_order_i_e4b5de_idx ON public.order_status_history USING btree (order_item_id, created_at);


--
-- Name: order_status_history_changed_by_id_f13feb0a; Type: INDEX; Schema: public; Owner: justclothing_user
--

CREATE INDEX order_status_history_changed_by_id_f13feb0a ON public.order_status_history USING btree (changed_by_id);


--
-- Name: order_status_history_order_id_d33fdfde; Type: INDEX; Schema: public; Owner: justclothing_user
--

CREATE INDEX order_status_history_order_id_d33fdfde ON public.order_status_history USING btree (order_id);


--
-- Name: order_status_history_order_id_d33fdfde_like; Type: INDEX; Schema: public; Owner: justclothing_user
--

CREATE INDEX order_status_history_order_id_d33fdfde_like ON public.order_status_history USING btree (order_id varchar_pattern_ops);


--
-- Name: order_status_history_order_item_id_4add6188; Type: INDEX; Schema: public; Owner: justclothing_user
--

CREATE INDEX order_status_history_order_item_id_4add6188 ON public.order_status_history USING btree (order_item_id);


--
-- Name: orders_created_77e2b9_idx; Type: INDEX; Schema: public; Owner: justclothing_user
--

CREATE INDEX orders_created_77e2b9_idx ON public.orders USING btree (created_at);


--
-- Name: orders_id_ecea5967_like; Type: INDEX; Schema: public; Owner: justclothing_user
--

CREATE INDEX orders_id_ecea5967_like ON public.orders USING btree (id varchar_pattern_ops);


--
-- Name: orders_seller__0c477d_idx; Type: INDEX; Schema: public; Owner: justclothing_user
--

CREATE INDEX orders_seller__0c477d_idx ON public.orders USING btree (seller_id, status);


--
-- Name: orders_seller_id_81350599; Type: INDEX; Schema: public; Owner: justclothing_user
--

CREATE INDEX orders_seller_id_81350599 ON public.orders USING btree (seller_id);


--
-- Name: orders_status_762191_idx; Type: INDEX; Schema: public; Owner: justclothing_user
--

CREATE INDEX orders_status_762191_idx ON public.orders USING btree (status);


--
-- Name: orders_user_id_17dbdf_idx; Type: INDEX; Schema: public; Owner: justclothing_user
--

CREATE INDEX orders_user_id_17dbdf_idx ON public.orders USING btree (user_id, status);


--
-- Name: orders_user_id_7e2523fb; Type: INDEX; Schema: public; Owner: justclothing_user
--

CREATE INDEX orders_user_id_7e2523fb ON public.orders USING btree (user_id);


--
-- Name: popular_pro_rank_by_dbd43a_idx; Type: INDEX; Schema: public; Owner: justclothing_user
--

CREATE INDEX popular_pro_rank_by_dbd43a_idx ON public.popular_products USING btree (rank_by_orders);


--
-- Name: popular_pro_rank_by_fd0c9b_idx; Type: INDEX; Schema: public; Owner: justclothing_user
--

CREATE INDEX popular_pro_rank_by_fd0c9b_idx ON public.popular_products USING btree (rank_by_revenue);


--
-- Name: popular_pro_seller__019ee6_idx; Type: INDEX; Schema: public; Owner: justclothing_user
--

CREATE INDEX popular_pro_seller__019ee6_idx ON public.popular_products USING btree (seller_id, period_start, period_end);


--
-- Name: popular_products_product_id_b8463c8d; Type: INDEX; Schema: public; Owner: justclothing_user
--

CREATE INDEX popular_products_product_id_b8463c8d ON public.popular_products USING btree (product_id);


--
-- Name: popular_products_seller_id_6d117c04; Type: INDEX; Schema: public; Owner: justclothing_user
--

CREATE INDEX popular_products_seller_id_6d117c04 ON public.popular_products USING btree (seller_id);


--
-- Name: product_att_is_vari_6caade_idx; Type: INDEX; Schema: public; Owner: justclothing_user
--

CREATE INDEX product_att_is_vari_6caade_idx ON public.product_attribute_types USING btree (is_variant_attribute);


--
-- Name: product_att_slug_868c94_idx; Type: INDEX; Schema: public; Owner: justclothing_user
--

CREATE INDEX product_att_slug_868c94_idx ON public.product_attribute_types USING btree (slug);


--
-- Name: product_attribute_types_name_2c84116e_like; Type: INDEX; Schema: public; Owner: justclothing_user
--

CREATE INDEX product_attribute_types_name_2c84116e_like ON public.product_attribute_types USING btree (name varchar_pattern_ops);


--
-- Name: product_attribute_types_slug_298a0590_like; Type: INDEX; Schema: public; Owner: justclothing_user
--

CREATE INDEX product_attribute_types_slug_298a0590_like ON public.product_attribute_types USING btree (slug varchar_pattern_ops);


--
-- Name: product_attributes_attribute_type_id_48aeba12; Type: INDEX; Schema: public; Owner: justclothing_user
--

CREATE INDEX product_attributes_attribute_type_id_48aeba12 ON public.product_attributes USING btree (attribute_type_id);


--
-- Name: product_attributes_product_id_78966835; Type: INDEX; Schema: public; Owner: justclothing_user
--

CREATE INDEX product_attributes_product_id_78966835 ON public.product_attributes USING btree (product_id);


--
-- Name: product_ima_product_c8c86a_idx; Type: INDEX; Schema: public; Owner: justclothing_user
--

CREATE INDEX product_ima_product_c8c86a_idx ON public.product_images USING btree (product_id, is_primary);


--
-- Name: product_ima_sort_or_e48c66_idx; Type: INDEX; Schema: public; Owner: justclothing_user
--

CREATE INDEX product_ima_sort_or_e48c66_idx ON public.product_images USING btree (sort_order);


--
-- Name: product_images_product_id_28ebf5f0; Type: INDEX; Schema: public; Owner: justclothing_user
--

CREATE INDEX product_images_product_id_28ebf5f0 ON public.product_images USING btree (product_id);


--
-- Name: product_off_product_9b606f_idx; Type: INDEX; Schema: public; Owner: justclothing_user
--

CREATE INDEX product_off_product_9b606f_idx ON public.product_offers USING btree (product_id, status);


--
-- Name: product_off_seller__5adc4b_idx; Type: INDEX; Schema: public; Owner: justclothing_user
--

CREATE INDEX product_off_seller__5adc4b_idx ON public.product_offers USING btree (seller_id, status);


--
-- Name: product_off_start_d_5ca00b_idx; Type: INDEX; Schema: public; Owner: justclothing_user
--

CREATE INDEX product_off_start_d_5ca00b_idx ON public.product_offers USING btree (start_date, end_date);


--
-- Name: product_off_status_d102e6_idx; Type: INDEX; Schema: public; Owner: justclothing_user
--

CREATE INDEX product_off_status_d102e6_idx ON public.product_offers USING btree (status);


--
-- Name: product_offers_product_id_de9f8da5; Type: INDEX; Schema: public; Owner: justclothing_user
--

CREATE INDEX product_offers_product_id_de9f8da5 ON public.product_offers USING btree (product_id);


--
-- Name: product_offers_seller_id_7a6da40b; Type: INDEX; Schema: public; Owner: justclothing_user
--

CREATE INDEX product_offers_seller_id_7a6da40b ON public.product_offers USING btree (seller_id);


--
-- Name: product_var_product_b96575_idx; Type: INDEX; Schema: public; Owner: justclothing_user
--

CREATE INDEX product_var_product_b96575_idx ON public.product_variants USING btree (product_id, is_active);


--
-- Name: product_var_sku_3a95f0_idx; Type: INDEX; Schema: public; Owner: justclothing_user
--

CREATE INDEX product_var_sku_3a95f0_idx ON public.product_variants USING btree (sku);


--
-- Name: product_variant_attributes_attribute_type_id_6651b4cc; Type: INDEX; Schema: public; Owner: justclothing_user
--

CREATE INDEX product_variant_attributes_attribute_type_id_6651b4cc ON public.product_variant_attributes USING btree (attribute_type_id);


--
-- Name: product_variant_attributes_variant_id_c0e7631d; Type: INDEX; Schema: public; Owner: justclothing_user
--

CREATE INDEX product_variant_attributes_variant_id_c0e7631d ON public.product_variant_attributes USING btree (variant_id);


--
-- Name: product_variants_product_id_019d9f04; Type: INDEX; Schema: public; Owner: justclothing_user
--

CREATE INDEX product_variants_product_id_019d9f04 ON public.product_variants USING btree (product_id);


--
-- Name: product_variants_sku_10738fd7_like; Type: INDEX; Schema: public; Owner: justclothing_user
--

CREATE INDEX product_variants_sku_10738fd7_like ON public.product_variants USING btree (sku varchar_pattern_ops);


--
-- Name: product_vid_product_b2de46_idx; Type: INDEX; Schema: public; Owner: justclothing_user
--

CREATE INDEX product_vid_product_b2de46_idx ON public.product_videos USING btree (product_id);


--
-- Name: product_vid_sort_or_a27156_idx; Type: INDEX; Schema: public; Owner: justclothing_user
--

CREATE INDEX product_vid_sort_or_a27156_idx ON public.product_videos USING btree (sort_order);


--
-- Name: product_videos_product_id_2cb4a827; Type: INDEX; Schema: public; Owner: justclothing_user
--

CREATE INDEX product_videos_product_id_2cb4a827 ON public.product_videos USING btree (product_id);


--
-- Name: products_categor_29e98f_idx; Type: INDEX; Schema: public; Owner: justclothing_user
--

CREATE INDEX products_categor_29e98f_idx ON public.products USING btree (category_id, status);


--
-- Name: products_category_id_a7a3a156; Type: INDEX; Schema: public; Owner: justclothing_user
--

CREATE INDEX products_category_id_a7a3a156 ON public.products USING btree (category_id);


--
-- Name: products_collect_8f66a3_idx; Type: INDEX; Schema: public; Owner: justclothing_user
--

CREATE INDEX products_collect_8f66a3_idx ON public.products USING btree (collection_id, status);


--
-- Name: products_collection_id_3808ce0d; Type: INDEX; Schema: public; Owner: justclothing_user
--

CREATE INDEX products_collection_id_3808ce0d ON public.products USING btree (collection_id);


--
-- Name: products_created_e1ba5f_idx; Type: INDEX; Schema: public; Owner: justclothing_user
--

CREATE INDEX products_created_e1ba5f_idx ON public.products USING btree (created_at);


--
-- Name: products_is_feat_a3b38e_idx; Type: INDEX; Schema: public; Owner: justclothing_user
--

CREATE INDEX products_is_feat_a3b38e_idx ON public.products USING btree (is_featured, status);


--
-- Name: products_rating_53cb37_idx; Type: INDEX; Schema: public; Owner: justclothing_user
--

CREATE INDEX products_rating_53cb37_idx ON public.products USING btree (rating);


--
-- Name: products_seller__87e71e_idx; Type: INDEX; Schema: public; Owner: justclothing_user
--

CREATE INDEX products_seller__87e71e_idx ON public.products USING btree (seller_id, status);


--
-- Name: products_seller_id_76e92f9e; Type: INDEX; Schema: public; Owner: justclothing_user
--

CREATE INDEX products_seller_id_76e92f9e ON public.products USING btree (seller_id);


--
-- Name: products_slug_5e91f2_idx; Type: INDEX; Schema: public; Owner: justclothing_user
--

CREATE INDEX products_slug_5e91f2_idx ON public.products USING btree (slug);


--
-- Name: products_slug_8f20884e_like; Type: INDEX; Schema: public; Owner: justclothing_user
--

CREATE INDEX products_slug_8f20884e_like ON public.products USING btree (slug varchar_pattern_ops);


--
-- Name: promo_codes_code_5b1d05_idx; Type: INDEX; Schema: public; Owner: justclothing_user
--

CREATE INDEX promo_codes_code_5b1d05_idx ON public.promo_codes USING btree (code);


--
-- Name: promo_codes_code_ca215ca7_like; Type: INDEX; Schema: public; Owner: justclothing_user
--

CREATE INDEX promo_codes_code_ca215ca7_like ON public.promo_codes USING btree (code varchar_pattern_ops);


--
-- Name: promo_codes_promoti_b5341b_idx; Type: INDEX; Schema: public; Owner: justclothing_user
--

CREATE INDEX promo_codes_promoti_b5341b_idx ON public.promo_codes USING btree (promotion_id, is_active);


--
-- Name: promo_codes_promotion_id_78984800; Type: INDEX; Schema: public; Owner: justclothing_user
--

CREATE INDEX promo_codes_promotion_id_78984800 ON public.promo_codes USING btree (promotion_id);


--
-- Name: promo_impre_feature_b11c44_idx; Type: INDEX; Schema: public; Owner: justclothing_user
--

CREATE INDEX promo_impre_feature_b11c44_idx ON public.promo_impressions USING btree (featured_promo_id, viewed_at);


--
-- Name: promo_impre_session_4e8125_idx; Type: INDEX; Schema: public; Owner: justclothing_user
--

CREATE INDEX promo_impre_session_4e8125_idx ON public.promo_impressions USING btree (session_key);


--
-- Name: promo_impre_user_id_b6a82d_idx; Type: INDEX; Schema: public; Owner: justclothing_user
--

CREATE INDEX promo_impre_user_id_b6a82d_idx ON public.promo_impressions USING btree (user_id);


--
-- Name: promo_impressions_featured_promo_id_3e447986; Type: INDEX; Schema: public; Owner: justclothing_user
--

CREATE INDEX promo_impressions_featured_promo_id_3e447986 ON public.promo_impressions USING btree (featured_promo_id);


--
-- Name: promo_impressions_user_id_2a1092fe; Type: INDEX; Schema: public; Owner: justclothing_user
--

CREATE INDEX promo_impressions_user_id_2a1092fe ON public.promo_impressions USING btree (user_id);


--
-- Name: promo_reque_request_33ca03_idx; Type: INDEX; Schema: public; Owner: justclothing_user
--

CREATE INDEX promo_reque_request_33ca03_idx ON public.promo_requests USING btree (request_type);


--
-- Name: promo_reque_seller__4684f0_idx; Type: INDEX; Schema: public; Owner: justclothing_user
--

CREATE INDEX promo_reque_seller__4684f0_idx ON public.promo_requests USING btree (seller_id, status);


--
-- Name: promo_reque_status_4dd111_idx; Type: INDEX; Schema: public; Owner: justclothing_user
--

CREATE INDEX promo_reque_status_4dd111_idx ON public.promo_requests USING btree (status);


--
-- Name: promo_requests_reviewed_by_id_b1e3f871; Type: INDEX; Schema: public; Owner: justclothing_user
--

CREATE INDEX promo_requests_reviewed_by_id_b1e3f871 ON public.promo_requests USING btree (reviewed_by_id);


--
-- Name: promo_requests_seller_id_71390551; Type: INDEX; Schema: public; Owner: justclothing_user
--

CREATE INDEX promo_requests_seller_id_71390551 ON public.promo_requests USING btree (seller_id);


--
-- Name: promo_requests_target_products_product_id_c2acb612; Type: INDEX; Schema: public; Owner: justclothing_user
--

CREATE INDEX promo_requests_target_products_product_id_c2acb612 ON public.promo_requests_target_products USING btree (product_id);


--
-- Name: promo_requests_target_products_promorequest_id_c2d6c591; Type: INDEX; Schema: public; Owner: justclothing_user
--

CREATE INDEX promo_requests_target_products_promorequest_id_c2d6c591 ON public.promo_requests_target_products USING btree (promorequest_id);


--
-- Name: promo_usage_promoti_48cd0b_idx; Type: INDEX; Schema: public; Owner: justclothing_user
--

CREATE INDEX promo_usage_promoti_48cd0b_idx ON public.promo_usages USING btree (promotion_id);


--
-- Name: promo_usage_used_at_21e1c3_idx; Type: INDEX; Schema: public; Owner: justclothing_user
--

CREATE INDEX promo_usage_used_at_21e1c3_idx ON public.promo_usages USING btree (used_at);


--
-- Name: promo_usage_user_id_d5b96d_idx; Type: INDEX; Schema: public; Owner: justclothing_user
--

CREATE INDEX promo_usage_user_id_d5b96d_idx ON public.promo_usages USING btree (user_id);


--
-- Name: promo_usages_order_id_3fc47b2f; Type: INDEX; Schema: public; Owner: justclothing_user
--

CREATE INDEX promo_usages_order_id_3fc47b2f ON public.promo_usages USING btree (order_id);


--
-- Name: promo_usages_order_id_3fc47b2f_like; Type: INDEX; Schema: public; Owner: justclothing_user
--

CREATE INDEX promo_usages_order_id_3fc47b2f_like ON public.promo_usages USING btree (order_id varchar_pattern_ops);


--
-- Name: promo_usages_promo_code_id_2c5ccad4; Type: INDEX; Schema: public; Owner: justclothing_user
--

CREATE INDEX promo_usages_promo_code_id_2c5ccad4 ON public.promo_usages USING btree (promo_code_id);


--
-- Name: promo_usages_promotion_id_758db3de; Type: INDEX; Schema: public; Owner: justclothing_user
--

CREATE INDEX promo_usages_promotion_id_758db3de ON public.promo_usages USING btree (promotion_id);


--
-- Name: promo_usages_user_id_f66950c5; Type: INDEX; Schema: public; Owner: justclothing_user
--

CREATE INDEX promo_usages_user_id_f66950c5 ON public.promo_usages USING btree (user_id);


--
-- Name: promotional_campaigns_approved_by_id_216a78fd; Type: INDEX; Schema: public; Owner: justclothing_user
--

CREATE INDEX promotional_campaigns_approved_by_id_216a78fd ON public.promotional_campaigns USING btree (approved_by_id);


--
-- Name: promotional_campaigns_seller_id_87580509; Type: INDEX; Schema: public; Owner: justclothing_user
--

CREATE INDEX promotional_campaigns_seller_id_87580509 ON public.promotional_campaigns USING btree (seller_id);


--
-- Name: promotional_campaigns_targ_promotionalcampaign_id_36d8ead9; Type: INDEX; Schema: public; Owner: justclothing_user
--

CREATE INDEX promotional_campaigns_targ_promotionalcampaign_id_36d8ead9 ON public.promotional_campaigns_target_categories USING btree (promotionalcampaign_id);


--
-- Name: promotional_campaigns_targ_promotionalcampaign_id_47e30b3b; Type: INDEX; Schema: public; Owner: justclothing_user
--

CREATE INDEX promotional_campaigns_targ_promotionalcampaign_id_47e30b3b ON public.promotional_campaigns_target_products USING btree (promotionalcampaign_id);


--
-- Name: promotional_campaigns_target_categories_category_id_9bcddd65; Type: INDEX; Schema: public; Owner: justclothing_user
--

CREATE INDEX promotional_campaigns_target_categories_category_id_9bcddd65 ON public.promotional_campaigns_target_categories USING btree (category_id);


--
-- Name: promotional_campaigns_target_products_product_id_c7f0bb03; Type: INDEX; Schema: public; Owner: justclothing_user
--

CREATE INDEX promotional_campaigns_target_products_product_id_c7f0bb03 ON public.promotional_campaigns_target_products USING btree (product_id);


--
-- Name: promotional_seller__d43c65_idx; Type: INDEX; Schema: public; Owner: justclothing_user
--

CREATE INDEX promotional_seller__d43c65_idx ON public.promotional_campaigns USING btree (seller_id, status);


--
-- Name: promotional_start_d_1904f5_idx; Type: INDEX; Schema: public; Owner: justclothing_user
--

CREATE INDEX promotional_start_d_1904f5_idx ON public.promotional_campaigns USING btree (start_date, end_date);


--
-- Name: promotional_status_b1efda_idx; Type: INDEX; Schema: public; Owner: justclothing_user
--

CREATE INDEX promotional_status_b1efda_idx ON public.promotional_campaigns USING btree (status);


--
-- Name: promotions_applicable_categories_category_id_f84397f2; Type: INDEX; Schema: public; Owner: justclothing_user
--

CREATE INDEX promotions_applicable_categories_category_id_f84397f2 ON public.promotions_applicable_categories USING btree (category_id);


--
-- Name: promotions_applicable_categories_promotion_id_06b15383; Type: INDEX; Schema: public; Owner: justclothing_user
--

CREATE INDEX promotions_applicable_categories_promotion_id_06b15383 ON public.promotions_applicable_categories USING btree (promotion_id);


--
-- Name: promotions_applicable_products_product_id_47ef6da8; Type: INDEX; Schema: public; Owner: justclothing_user
--

CREATE INDEX promotions_applicable_products_product_id_47ef6da8 ON public.promotions_applicable_products USING btree (product_id);


--
-- Name: promotions_applicable_products_promotion_id_876fd6d4; Type: INDEX; Schema: public; Owner: justclothing_user
--

CREATE INDEX promotions_applicable_products_promotion_id_876fd6d4 ON public.promotions_applicable_products USING btree (promotion_id);


--
-- Name: promotions_applicable_sellers_promotion_id_c5b57d75; Type: INDEX; Schema: public; Owner: justclothing_user
--

CREATE INDEX promotions_applicable_sellers_promotion_id_c5b57d75 ON public.promotions_applicable_sellers USING btree (promotion_id);


--
-- Name: promotions_applicable_sellers_sellerprofile_id_c7f8d340; Type: INDEX; Schema: public; Owner: justclothing_user
--

CREATE INDEX promotions_applicable_sellers_sellerprofile_id_c7f8d340 ON public.promotions_applicable_sellers USING btree (sellerprofile_id);


--
-- Name: promotions_created_by_id_cd2e2f56; Type: INDEX; Schema: public; Owner: justclothing_user
--

CREATE INDEX promotions_created_by_id_cd2e2f56 ON public.promotions USING btree (created_by_id);


--
-- Name: promotions_is_feat_49267f_idx; Type: INDEX; Schema: public; Owner: justclothing_user
--

CREATE INDEX promotions_is_feat_49267f_idx ON public.promotions USING btree (is_featured);


--
-- Name: promotions_promoti_b9bf01_idx; Type: INDEX; Schema: public; Owner: justclothing_user
--

CREATE INDEX promotions_promoti_b9bf01_idx ON public.promotions USING btree (promotion_type);


--
-- Name: promotions_start_d_e0aba6_idx; Type: INDEX; Schema: public; Owner: justclothing_user
--

CREATE INDEX promotions_start_d_e0aba6_idx ON public.promotions USING btree (start_date, end_date);


--
-- Name: promotions_status_239aab_idx; Type: INDEX; Schema: public; Owner: justclothing_user
--

CREATE INDEX promotions_status_239aab_idx ON public.promotions USING btree (status);


--
-- Name: review_images_review_id_9c7a1455; Type: INDEX; Schema: public; Owner: justclothing_user
--

CREATE INDEX review_images_review_id_9c7a1455 ON public.review_images USING btree (review_id);


--
-- Name: review_repl_created_82e325_idx; Type: INDEX; Schema: public; Owner: justclothing_user
--

CREATE INDEX review_repl_created_82e325_idx ON public.review_replies USING btree (created_at);


--
-- Name: review_repl_review__fdaa73_idx; Type: INDEX; Schema: public; Owner: justclothing_user
--

CREATE INDEX review_repl_review__fdaa73_idx ON public.review_replies USING btree (review_id);


--
-- Name: review_replies_moderated_by_id_563d9eca; Type: INDEX; Schema: public; Owner: justclothing_user
--

CREATE INDEX review_replies_moderated_by_id_563d9eca ON public.review_replies USING btree (moderated_by_id);


--
-- Name: review_replies_seller_id_8e537b70; Type: INDEX; Schema: public; Owner: justclothing_user
--

CREATE INDEX review_replies_seller_id_8e537b70 ON public.review_replies USING btree (seller_id);


--
-- Name: review_reports_reported_by_id_1086234c; Type: INDEX; Schema: public; Owner: justclothing_user
--

CREATE INDEX review_reports_reported_by_id_1086234c ON public.review_reports USING btree (reported_by_id);


--
-- Name: review_reports_resolved_by_id_0d36b28e; Type: INDEX; Schema: public; Owner: justclothing_user
--

CREATE INDEX review_reports_resolved_by_id_0d36b28e ON public.review_reports USING btree (resolved_by_id);


--
-- Name: review_reports_review_id_593e03ee; Type: INDEX; Schema: public; Owner: justclothing_user
--

CREATE INDEX review_reports_review_id_593e03ee ON public.review_reports USING btree (review_id);


--
-- Name: review_votes_review_id_8b42cc78; Type: INDEX; Schema: public; Owner: justclothing_user
--

CREATE INDEX review_votes_review_id_8b42cc78 ON public.review_votes USING btree (review_id);


--
-- Name: review_votes_user_id_e34a9581; Type: INDEX; Schema: public; Owner: justclothing_user
--

CREATE INDEX review_votes_user_id_e34a9581 ON public.review_votes USING btree (user_id);


--
-- Name: reviews_created_53b5d6_idx; Type: INDEX; Schema: public; Owner: justclothing_user
--

CREATE INDEX reviews_created_53b5d6_idx ON public.reviews USING btree (created_at);


--
-- Name: reviews_moderated_by_id_a1c23bc2; Type: INDEX; Schema: public; Owner: justclothing_user
--

CREATE INDEX reviews_moderated_by_id_a1c23bc2 ON public.reviews USING btree (moderated_by_id);


--
-- Name: reviews_order_id_35d02b74; Type: INDEX; Schema: public; Owner: justclothing_user
--

CREATE INDEX reviews_order_id_35d02b74 ON public.reviews USING btree (order_id);


--
-- Name: reviews_order_id_35d02b74_like; Type: INDEX; Schema: public; Owner: justclothing_user
--

CREATE INDEX reviews_order_id_35d02b74_like ON public.reviews USING btree (order_id varchar_pattern_ops);


--
-- Name: reviews_product_4bb590_idx; Type: INDEX; Schema: public; Owner: justclothing_user
--

CREATE INDEX reviews_product_4bb590_idx ON public.reviews USING btree (product_id, is_approved);


--
-- Name: reviews_product_id_d4b78cfe; Type: INDEX; Schema: public; Owner: justclothing_user
--

CREATE INDEX reviews_product_id_d4b78cfe ON public.reviews USING btree (product_id);


--
-- Name: reviews_rating_17e8a4_idx; Type: INDEX; Schema: public; Owner: justclothing_user
--

CREATE INDEX reviews_rating_17e8a4_idx ON public.reviews USING btree (rating);


--
-- Name: reviews_seller__1fc4c7_idx; Type: INDEX; Schema: public; Owner: justclothing_user
--

CREATE INDEX reviews_seller__1fc4c7_idx ON public.reviews USING btree (seller_id, is_approved);


--
-- Name: reviews_seller_id_518fed30; Type: INDEX; Schema: public; Owner: justclothing_user
--

CREATE INDEX reviews_seller_id_518fed30 ON public.reviews USING btree (seller_id);


--
-- Name: reviews_user_id_c23b0903; Type: INDEX; Schema: public; Owner: justclothing_user
--

CREATE INDEX reviews_user_id_c23b0903 ON public.reviews USING btree (user_id);


--
-- Name: seller_anal_date_4b9b35_idx; Type: INDEX; Schema: public; Owner: justclothing_user
--

CREATE INDEX seller_anal_date_4b9b35_idx ON public.seller_analytics USING btree (date);


--
-- Name: seller_anal_seller__3a5ab5_idx; Type: INDEX; Schema: public; Owner: justclothing_user
--

CREATE INDEX seller_anal_seller__3a5ab5_idx ON public.seller_analytics USING btree (seller_id, date);


--
-- Name: seller_analytics_seller_id_89326751; Type: INDEX; Schema: public; Owner: justclothing_user
--

CREATE INDEX seller_analytics_seller_id_89326751 ON public.seller_analytics USING btree (seller_id);


--
-- Name: seller_followers_seller_id_2dfdf89c; Type: INDEX; Schema: public; Owner: justclothing_user
--

CREATE INDEX seller_followers_seller_id_2dfdf89c ON public.seller_followers USING btree (seller_id);


--
-- Name: seller_followers_user_id_c81cfff7; Type: INDEX; Schema: public; Owner: justclothing_user
--

CREATE INDEX seller_followers_user_id_c81cfff7 ON public.seller_followers USING btree (user_id);


--
-- Name: seller_home_seller__3ed534_idx; Type: INDEX; Schema: public; Owner: justclothing_user
--

CREATE INDEX seller_home_seller__3ed534_idx ON public.seller_homepage_products USING btree (seller_id, "order");


--
-- Name: seller_homepage_products_product_id_1392eff6; Type: INDEX; Schema: public; Owner: justclothing_user
--

CREATE INDEX seller_homepage_products_product_id_1392eff6 ON public.seller_homepage_products USING btree (product_id);


--
-- Name: seller_homepage_products_seller_id_96d728c3; Type: INDEX; Schema: public; Owner: justclothing_user
--

CREATE INDEX seller_homepage_products_seller_id_96d728c3 ON public.seller_homepage_products USING btree (seller_id);


--
-- Name: seller_prof_busines_c106fa_idx; Type: INDEX; Schema: public; Owner: justclothing_user
--

CREATE INDEX seller_prof_busines_c106fa_idx ON public.seller_profiles USING btree (business_type);


--
-- Name: seller_prof_created_4231dc_idx; Type: INDEX; Schema: public; Owner: justclothing_user
--

CREATE INDEX seller_prof_created_4231dc_idx ON public.seller_profiles USING btree (created_at);


--
-- Name: seller_prof_rating_2b1b27_idx; Type: INDEX; Schema: public; Owner: justclothing_user
--

CREATE INDEX seller_prof_rating_2b1b27_idx ON public.seller_profiles USING btree (rating);


--
-- Name: seller_prof_status_518810_idx; Type: INDEX; Schema: public; Owner: justclothing_user
--

CREATE INDEX seller_prof_status_518810_idx ON public.seller_profiles USING btree (status);


--
-- Name: seller_prof_verifie_0c892c_idx; Type: INDEX; Schema: public; Owner: justclothing_user
--

CREATE INDEX seller_prof_verifie_0c892c_idx ON public.seller_profiles USING btree (verified);


--
-- Name: seller_profiles_approved_by_id_ed979e67; Type: INDEX; Schema: public; Owner: justclothing_user
--

CREATE INDEX seller_profiles_approved_by_id_ed979e67 ON public.seller_profiles USING btree (approved_by_id);


--
-- Name: seller_prom_created_4289e3_idx; Type: INDEX; Schema: public; Owner: justclothing_user
--

CREATE INDEX seller_prom_created_4289e3_idx ON public.seller_promo_requests USING btree (created_at);


--
-- Name: seller_prom_seller__da3d28_idx; Type: INDEX; Schema: public; Owner: justclothing_user
--

CREATE INDEX seller_prom_seller__da3d28_idx ON public.seller_promo_requests USING btree (seller_id, status);


--
-- Name: seller_prom_status_3b5f9e_idx; Type: INDEX; Schema: public; Owner: justclothing_user
--

CREATE INDEX seller_prom_status_3b5f9e_idx ON public.seller_promo_requests USING btree (status);


--
-- Name: seller_promo_requests_reviewed_by_id_e8139934; Type: INDEX; Schema: public; Owner: justclothing_user
--

CREATE INDEX seller_promo_requests_reviewed_by_id_e8139934 ON public.seller_promo_requests USING btree (reviewed_by_id);


--
-- Name: seller_promo_requests_seller_id_33e1aeec; Type: INDEX; Schema: public; Owner: justclothing_user
--

CREATE INDEX seller_promo_requests_seller_id_33e1aeec ON public.seller_promo_requests USING btree (seller_id);


--
-- Name: seller_revi_created_e0efc8_idx; Type: INDEX; Schema: public; Owner: justclothing_user
--

CREATE INDEX seller_revi_created_e0efc8_idx ON public.seller_reviews USING btree (created_at);


--
-- Name: seller_revi_rating_2c4ef4_idx; Type: INDEX; Schema: public; Owner: justclothing_user
--

CREATE INDEX seller_revi_rating_2c4ef4_idx ON public.seller_reviews USING btree (rating);


--
-- Name: seller_revi_seller__acf71f_idx; Type: INDEX; Schema: public; Owner: justclothing_user
--

CREATE INDEX seller_revi_seller__acf71f_idx ON public.seller_reviews USING btree (seller_id, is_approved);


--
-- Name: seller_reviews_moderated_by_id_00fe83f0; Type: INDEX; Schema: public; Owner: justclothing_user
--

CREATE INDEX seller_reviews_moderated_by_id_00fe83f0 ON public.seller_reviews USING btree (moderated_by_id);


--
-- Name: seller_reviews_order_id_5c340dc2; Type: INDEX; Schema: public; Owner: justclothing_user
--

CREATE INDEX seller_reviews_order_id_5c340dc2 ON public.seller_reviews USING btree (order_id);


--
-- Name: seller_reviews_order_id_5c340dc2_like; Type: INDEX; Schema: public; Owner: justclothing_user
--

CREATE INDEX seller_reviews_order_id_5c340dc2_like ON public.seller_reviews USING btree (order_id varchar_pattern_ops);


--
-- Name: seller_reviews_seller_id_530e29a7; Type: INDEX; Schema: public; Owner: justclothing_user
--

CREATE INDEX seller_reviews_seller_id_530e29a7 ON public.seller_reviews USING btree (seller_id);


--
-- Name: seller_reviews_user_id_b4a94cfe; Type: INDEX; Schema: public; Owner: justclothing_user
--

CREATE INDEX seller_reviews_user_id_b4a94cfe ON public.seller_reviews USING btree (user_id);


--
-- Name: seller_team_members_invited_by_id_f6d7f8f9; Type: INDEX; Schema: public; Owner: justclothing_user
--

CREATE INDEX seller_team_members_invited_by_id_f6d7f8f9 ON public.seller_team_members USING btree (invited_by_id);


--
-- Name: seller_team_members_seller_id_9969e7cb; Type: INDEX; Schema: public; Owner: justclothing_user
--

CREATE INDEX seller_team_members_seller_id_9969e7cb ON public.seller_team_members USING btree (seller_id);


--
-- Name: seller_team_members_user_id_27ed8058; Type: INDEX; Schema: public; Owner: justclothing_user
--

CREATE INDEX seller_team_members_user_id_27ed8058 ON public.seller_team_members USING btree (user_id);


--
-- Name: shipping_ca_code_34a394_idx; Type: INDEX; Schema: public; Owner: justclothing_user
--

CREATE INDEX shipping_ca_code_34a394_idx ON public.shipping_carriers USING btree (code);


--
-- Name: shipping_ca_is_acti_fdb7c3_idx; Type: INDEX; Schema: public; Owner: justclothing_user
--

CREATE INDEX shipping_ca_is_acti_fdb7c3_idx ON public.shipping_carriers USING btree (is_active);


--
-- Name: shipping_carriers_code_5ba95b7a_like; Type: INDEX; Schema: public; Owner: justclothing_user
--

CREATE INDEX shipping_carriers_code_5ba95b7a_like ON public.shipping_carriers USING btree (code varchar_pattern_ops);


--
-- Name: shipping_la_created_32c375_idx; Type: INDEX; Schema: public; Owner: justclothing_user
--

CREATE INDEX shipping_la_created_32c375_idx ON public.shipping_labels USING btree (created_at);


--
-- Name: shipping_la_order_i_188c43_idx; Type: INDEX; Schema: public; Owner: justclothing_user
--

CREATE INDEX shipping_la_order_i_188c43_idx ON public.shipping_labels USING btree (order_id);


--
-- Name: shipping_la_status_550533_idx; Type: INDEX; Schema: public; Owner: justclothing_user
--

CREATE INDEX shipping_la_status_550533_idx ON public.shipping_labels USING btree (status);


--
-- Name: shipping_la_trackin_45c64b_idx; Type: INDEX; Schema: public; Owner: justclothing_user
--

CREATE INDEX shipping_la_trackin_45c64b_idx ON public.shipping_labels USING btree (tracking_number);


--
-- Name: shipping_labels_carrier_id_bcbab016; Type: INDEX; Schema: public; Owner: justclothing_user
--

CREATE INDEX shipping_labels_carrier_id_bcbab016 ON public.shipping_labels USING btree (carrier_id);


--
-- Name: shipping_labels_method_id_16df1073; Type: INDEX; Schema: public; Owner: justclothing_user
--

CREATE INDEX shipping_labels_method_id_16df1073 ON public.shipping_labels USING btree (method_id);


--
-- Name: shipping_labels_order_id_f65dcc65; Type: INDEX; Schema: public; Owner: justclothing_user
--

CREATE INDEX shipping_labels_order_id_f65dcc65 ON public.shipping_labels USING btree (order_id);


--
-- Name: shipping_labels_order_id_f65dcc65_like; Type: INDEX; Schema: public; Owner: justclothing_user
--

CREATE INDEX shipping_labels_order_id_f65dcc65_like ON public.shipping_labels USING btree (order_id varchar_pattern_ops);


--
-- Name: shipping_labels_tracking_number_a567bdd2_like; Type: INDEX; Schema: public; Owner: justclothing_user
--

CREATE INDEX shipping_labels_tracking_number_a567bdd2_like ON public.shipping_labels USING btree (tracking_number varchar_pattern_ops);


--
-- Name: shipping_me_is_acti_ac7908_idx; Type: INDEX; Schema: public; Owner: justclothing_user
--

CREATE INDEX shipping_me_is_acti_ac7908_idx ON public.shipping_methods USING btree (is_active);


--
-- Name: shipping_me_method__f753df_idx; Type: INDEX; Schema: public; Owner: justclothing_user
--

CREATE INDEX shipping_me_method__f753df_idx ON public.shipping_methods USING btree (method_type);


--
-- Name: shipping_ra_calcula_c8fc1d_idx; Type: INDEX; Schema: public; Owner: justclothing_user
--

CREATE INDEX shipping_ra_calcula_c8fc1d_idx ON public.shipping_rates USING btree (calculation_type);


--
-- Name: shipping_ra_zone_id_65c42f_idx; Type: INDEX; Schema: public; Owner: justclothing_user
--

CREATE INDEX shipping_ra_zone_id_65c42f_idx ON public.shipping_rates USING btree (zone_id, method_id, is_active);


--
-- Name: shipping_rates_method_id_d46318c4; Type: INDEX; Schema: public; Owner: justclothing_user
--

CREATE INDEX shipping_rates_method_id_d46318c4 ON public.shipping_rates USING btree (method_id);


--
-- Name: shipping_rates_zone_id_ef999983; Type: INDEX; Schema: public; Owner: justclothing_user
--

CREATE INDEX shipping_rates_zone_id_ef999983 ON public.shipping_rates USING btree (zone_id);


--
-- Name: shipping_zo_is_acti_ae3818_idx; Type: INDEX; Schema: public; Owner: justclothing_user
--

CREATE INDEX shipping_zo_is_acti_ae3818_idx ON public.shipping_zones USING btree (is_active);


--
-- Name: shipping_zo_name_e1e80c_idx; Type: INDEX; Schema: public; Owner: justclothing_user
--

CREATE INDEX shipping_zo_name_e1e80c_idx ON public.shipping_zones USING btree (name);


--
-- Name: socialaccount_socialaccount_user_id_8146e70c; Type: INDEX; Schema: public; Owner: justclothing_user
--

CREATE INDEX socialaccount_socialaccount_user_id_8146e70c ON public.socialaccount_socialaccount USING btree (user_id);


--
-- Name: socialaccount_socialapp_sites_site_id_2579dee5; Type: INDEX; Schema: public; Owner: justclothing_user
--

CREATE INDEX socialaccount_socialapp_sites_site_id_2579dee5 ON public.socialaccount_socialapp_sites USING btree (site_id);


--
-- Name: socialaccount_socialapp_sites_socialapp_id_97fb6e7d; Type: INDEX; Schema: public; Owner: justclothing_user
--

CREATE INDEX socialaccount_socialapp_sites_socialapp_id_97fb6e7d ON public.socialaccount_socialapp_sites USING btree (socialapp_id);


--
-- Name: socialaccount_socialtoken_account_id_951f210e; Type: INDEX; Schema: public; Owner: justclothing_user
--

CREATE INDEX socialaccount_socialtoken_account_id_951f210e ON public.socialaccount_socialtoken USING btree (account_id);


--
-- Name: socialaccount_socialtoken_app_id_636a42d7; Type: INDEX; Schema: public; Owner: justclothing_user
--

CREATE INDEX socialaccount_socialtoken_app_id_636a42d7 ON public.socialaccount_socialtoken USING btree (app_id);


--
-- Name: taggit_tag_name_58eb2ed9_like; Type: INDEX; Schema: public; Owner: justclothing_user
--

CREATE INDEX taggit_tag_name_58eb2ed9_like ON public.taggit_tag USING btree (name varchar_pattern_ops);


--
-- Name: taggit_tag_slug_6be58b2c_like; Type: INDEX; Schema: public; Owner: justclothing_user
--

CREATE INDEX taggit_tag_slug_6be58b2c_like ON public.taggit_tag USING btree (slug varchar_pattern_ops);


--
-- Name: taggit_tagg_content_8fc721_idx; Type: INDEX; Schema: public; Owner: justclothing_user
--

CREATE INDEX taggit_tagg_content_8fc721_idx ON public.taggit_taggeditem USING btree (content_type_id, object_id);


--
-- Name: taggit_taggeditem_content_type_id_9957a03c; Type: INDEX; Schema: public; Owner: justclothing_user
--

CREATE INDEX taggit_taggeditem_content_type_id_9957a03c ON public.taggit_taggeditem USING btree (content_type_id);


--
-- Name: taggit_taggeditem_object_id_e2d7d1df; Type: INDEX; Schema: public; Owner: justclothing_user
--

CREATE INDEX taggit_taggeditem_object_id_e2d7d1df ON public.taggit_taggeditem USING btree (object_id);


--
-- Name: taggit_taggeditem_tag_id_f4f5b767; Type: INDEX; Schema: public; Owner: justclothing_user
--

CREATE INDEX taggit_taggeditem_tag_id_f4f5b767 ON public.taggit_taggeditem USING btree (tag_id);


--
-- Name: unique_verified_email; Type: INDEX; Schema: public; Owner: justclothing_user
--

CREATE UNIQUE INDEX unique_verified_email ON public.account_emailaddress USING btree (email) WHERE verified;


--
-- Name: user_notifi_created_0a808a_idx; Type: INDEX; Schema: public; Owner: justclothing_user
--

CREATE INDEX user_notifi_created_0a808a_idx ON public.user_notifications USING btree (created_at);


--
-- Name: user_notifi_type_d1bb6c_idx; Type: INDEX; Schema: public; Owner: justclothing_user
--

CREATE INDEX user_notifi_type_d1bb6c_idx ON public.user_notifications USING btree (type);


--
-- Name: user_notifi_user_id_ea6762_idx; Type: INDEX; Schema: public; Owner: justclothing_user
--

CREATE INDEX user_notifi_user_id_ea6762_idx ON public.user_notifications USING btree (user_id, is_read);


--
-- Name: user_notifications_related_order_id_f0ac26c8; Type: INDEX; Schema: public; Owner: justclothing_user
--

CREATE INDEX user_notifications_related_order_id_f0ac26c8 ON public.user_notifications USING btree (related_order_id);


--
-- Name: user_notifications_related_order_id_f0ac26c8_like; Type: INDEX; Schema: public; Owner: justclothing_user
--

CREATE INDEX user_notifications_related_order_id_f0ac26c8_like ON public.user_notifications USING btree (related_order_id varchar_pattern_ops);


--
-- Name: user_notifications_related_product_id_b05d5cd4; Type: INDEX; Schema: public; Owner: justclothing_user
--

CREATE INDEX user_notifications_related_product_id_b05d5cd4 ON public.user_notifications USING btree (related_product_id);


--
-- Name: user_notifications_user_id_0ac00350; Type: INDEX; Schema: public; Owner: justclothing_user
--

CREATE INDEX user_notifications_user_id_0ac00350 ON public.user_notifications USING btree (user_id);


--
-- Name: users_email_0ea73cca_like; Type: INDEX; Schema: public; Owner: justclothing_user
--

CREATE INDEX users_email_0ea73cca_like ON public.users USING btree (email varchar_pattern_ops);


--
-- Name: users_email_4b85f2_idx; Type: INDEX; Schema: public; Owner: justclothing_user
--

CREATE INDEX users_email_4b85f2_idx ON public.users USING btree (email);


--
-- Name: users_groups_group_id_2f3517aa; Type: INDEX; Schema: public; Owner: justclothing_user
--

CREATE INDEX users_groups_group_id_2f3517aa ON public.users_groups USING btree (group_id);


--
-- Name: users_groups_user_id_f500bee5; Type: INDEX; Schema: public; Owner: justclothing_user
--

CREATE INDEX users_groups_user_id_f500bee5 ON public.users_groups USING btree (user_id);


--
-- Name: users_is_veri_63cd6e_idx; Type: INDEX; Schema: public; Owner: justclothing_user
--

CREATE INDEX users_is_veri_63cd6e_idx ON public.users USING btree (is_verified);


--
-- Name: users_user_permissions_permission_id_6d08dcd2; Type: INDEX; Schema: public; Owner: justclothing_user
--

CREATE INDEX users_user_permissions_permission_id_6d08dcd2 ON public.users_user_permissions USING btree (permission_id);


--
-- Name: users_user_permissions_user_id_92473840; Type: INDEX; Schema: public; Owner: justclothing_user
--

CREATE INDEX users_user_permissions_user_id_92473840 ON public.users_user_permissions USING btree (user_id);


--
-- Name: users_user_ty_578f8f_idx; Type: INDEX; Schema: public; Owner: justclothing_user
--

CREATE INDEX users_user_ty_578f8f_idx ON public.users USING btree (user_type);


--
-- Name: users_username_e8658fc8_like; Type: INDEX; Schema: public; Owner: justclothing_user
--

CREATE INDEX users_username_e8658fc8_like ON public.users USING btree (username varchar_pattern_ops);


--
-- Name: wishlist_items_product_id_0509b6b7; Type: INDEX; Schema: public; Owner: justclothing_user
--

CREATE INDEX wishlist_items_product_id_0509b6b7 ON public.wishlist_items USING btree (product_id);


--
-- Name: wishlist_items_wishlist_id_56989f42; Type: INDEX; Schema: public; Owner: justclothing_user
--

CREATE INDEX wishlist_items_wishlist_id_56989f42 ON public.wishlist_items USING btree (wishlist_id);


--
-- Name: account_emailaddress account_emailaddress_user_id_2c513194_fk_users_id; Type: FK CONSTRAINT; Schema: public; Owner: justclothing_user
--

ALTER TABLE ONLY public.account_emailaddress
    ADD CONSTRAINT account_emailaddress_user_id_2c513194_fk_users_id FOREIGN KEY (user_id) REFERENCES public.users(id) DEFERRABLE INITIALLY DEFERRED;


--
-- Name: account_emailconfirmation account_emailconfirm_email_address_id_5b7f8c58_fk_account_e; Type: FK CONSTRAINT; Schema: public; Owner: justclothing_user
--

ALTER TABLE ONLY public.account_emailconfirmation
    ADD CONSTRAINT account_emailconfirm_email_address_id_5b7f8c58_fk_account_e FOREIGN KEY (email_address_id) REFERENCES public.account_emailaddress(id) DEFERRABLE INITIALLY DEFERRED;


--
-- Name: addresses addresses_user_id_d930d1dc_fk_users_id; Type: FK CONSTRAINT; Schema: public; Owner: justclothing_user
--

ALTER TABLE ONLY public.addresses
    ADD CONSTRAINT addresses_user_id_d930d1dc_fk_users_id FOREIGN KEY (user_id) REFERENCES public.users(id) DEFERRABLE INITIALLY DEFERRED;


--
-- Name: admin_notifications admin_notifications_resolved_by_id_3b95c98c_fk_users_id; Type: FK CONSTRAINT; Schema: public; Owner: justclothing_user
--

ALTER TABLE ONLY public.admin_notifications
    ADD CONSTRAINT admin_notifications_resolved_by_id_3b95c98c_fk_users_id FOREIGN KEY (resolved_by_id) REFERENCES public.users(id) DEFERRABLE INITIALLY DEFERRED;


--
-- Name: auth_group_permissions auth_group_permissio_permission_id_84c5c92e_fk_auth_perm; Type: FK CONSTRAINT; Schema: public; Owner: justclothing_user
--

ALTER TABLE ONLY public.auth_group_permissions
    ADD CONSTRAINT auth_group_permissio_permission_id_84c5c92e_fk_auth_perm FOREIGN KEY (permission_id) REFERENCES public.auth_permission(id) DEFERRABLE INITIALLY DEFERRED;


--
-- Name: auth_group_permissions auth_group_permissions_group_id_b120cbf9_fk_auth_group_id; Type: FK CONSTRAINT; Schema: public; Owner: justclothing_user
--

ALTER TABLE ONLY public.auth_group_permissions
    ADD CONSTRAINT auth_group_permissions_group_id_b120cbf9_fk_auth_group_id FOREIGN KEY (group_id) REFERENCES public.auth_group(id) DEFERRABLE INITIALLY DEFERRED;


--
-- Name: auth_permission auth_permission_content_type_id_2f476e4b_fk_django_co; Type: FK CONSTRAINT; Schema: public; Owner: justclothing_user
--

ALTER TABLE ONLY public.auth_permission
    ADD CONSTRAINT auth_permission_content_type_id_2f476e4b_fk_django_co FOREIGN KEY (content_type_id) REFERENCES public.django_content_type(id) DEFERRABLE INITIALLY DEFERRED;


--
-- Name: authtoken_token authtoken_token_user_id_35299eff_fk_users_id; Type: FK CONSTRAINT; Schema: public; Owner: justclothing_user
--

ALTER TABLE ONLY public.authtoken_token
    ADD CONSTRAINT authtoken_token_user_id_35299eff_fk_users_id FOREIGN KEY (user_id) REFERENCES public.users(id) DEFERRABLE INITIALLY DEFERRED;


--
-- Name: cart_items cart_items_cart_id_54d2714b_fk_carts_id; Type: FK CONSTRAINT; Schema: public; Owner: justclothing_user
--

ALTER TABLE ONLY public.cart_items
    ADD CONSTRAINT cart_items_cart_id_54d2714b_fk_carts_id FOREIGN KEY (cart_id) REFERENCES public.carts(id) DEFERRABLE INITIALLY DEFERRED;


--
-- Name: cart_items cart_items_product_id_9398bb89_fk_products_id; Type: FK CONSTRAINT; Schema: public; Owner: justclothing_user
--

ALTER TABLE ONLY public.cart_items
    ADD CONSTRAINT cart_items_product_id_9398bb89_fk_products_id FOREIGN KEY (product_id) REFERENCES public.products(id) DEFERRABLE INITIALLY DEFERRED;


--
-- Name: carts carts_user_id_3a9d1785_fk_users_id; Type: FK CONSTRAINT; Schema: public; Owner: justclothing_user
--

ALTER TABLE ONLY public.carts
    ADD CONSTRAINT carts_user_id_3a9d1785_fk_users_id FOREIGN KEY (user_id) REFERENCES public.users(id) DEFERRABLE INITIALLY DEFERRED;


--
-- Name: categories categories_parent_id_fc02df82_fk_categories_id; Type: FK CONSTRAINT; Schema: public; Owner: justclothing_user
--

ALTER TABLE ONLY public.categories
    ADD CONSTRAINT categories_parent_id_fc02df82_fk_categories_id FOREIGN KEY (parent_id) REFERENCES public.categories(id) DEFERRABLE INITIALLY DEFERRED;


--
-- Name: customer_profiles_preferred_categories customer_profiles_pr_category_id_5a5ee91b_fk_categorie; Type: FK CONSTRAINT; Schema: public; Owner: justclothing_user
--

ALTER TABLE ONLY public.customer_profiles_preferred_categories
    ADD CONSTRAINT customer_profiles_pr_category_id_5a5ee91b_fk_categorie FOREIGN KEY (category_id) REFERENCES public.categories(id) DEFERRABLE INITIALLY DEFERRED;


--
-- Name: customer_profiles_preferred_categories customer_profiles_pr_customerprofile_id_82a4025c_fk_customer_; Type: FK CONSTRAINT; Schema: public; Owner: justclothing_user
--

ALTER TABLE ONLY public.customer_profiles_preferred_categories
    ADD CONSTRAINT customer_profiles_pr_customerprofile_id_82a4025c_fk_customer_ FOREIGN KEY (customerprofile_id) REFERENCES public.customer_profiles(id) DEFERRABLE INITIALLY DEFERRED;


--
-- Name: customer_profiles customer_profiles_user_id_ade99545_fk_users_id; Type: FK CONSTRAINT; Schema: public; Owner: justclothing_user
--

ALTER TABLE ONLY public.customer_profiles
    ADD CONSTRAINT customer_profiles_user_id_ade99545_fk_users_id FOREIGN KEY (user_id) REFERENCES public.users(id) DEFERRABLE INITIALLY DEFERRED;


--
-- Name: delivery_attempts delivery_attempts_label_id_cc8a99e6_fk_shipping_labels_id; Type: FK CONSTRAINT; Schema: public; Owner: justclothing_user
--

ALTER TABLE ONLY public.delivery_attempts
    ADD CONSTRAINT delivery_attempts_label_id_cc8a99e6_fk_shipping_labels_id FOREIGN KEY (label_id) REFERENCES public.shipping_labels(id) DEFERRABLE INITIALLY DEFERRED;


--
-- Name: django_admin_log django_admin_log_content_type_id_c4bce8eb_fk_django_co; Type: FK CONSTRAINT; Schema: public; Owner: justclothing_user
--

ALTER TABLE ONLY public.django_admin_log
    ADD CONSTRAINT django_admin_log_content_type_id_c4bce8eb_fk_django_co FOREIGN KEY (content_type_id) REFERENCES public.django_content_type(id) DEFERRABLE INITIALLY DEFERRED;


--
-- Name: django_admin_log django_admin_log_user_id_c564eba6_fk_users_id; Type: FK CONSTRAINT; Schema: public; Owner: justclothing_user
--

ALTER TABLE ONLY public.django_admin_log
    ADD CONSTRAINT django_admin_log_user_id_c564eba6_fk_users_id FOREIGN KEY (user_id) REFERENCES public.users(id) DEFERRABLE INITIALLY DEFERRED;


--
-- Name: featured_promos featured_promos_created_by_id_e6e0826c_fk_users_id; Type: FK CONSTRAINT; Schema: public; Owner: justclothing_user
--

ALTER TABLE ONLY public.featured_promos
    ADD CONSTRAINT featured_promos_created_by_id_e6e0826c_fk_users_id FOREIGN KEY (created_by_id) REFERENCES public.users(id) DEFERRABLE INITIALLY DEFERRED;


--
-- Name: featured_promos featured_promos_promo_code_id_3266e141_fk_promo_codes_id; Type: FK CONSTRAINT; Schema: public; Owner: justclothing_user
--

ALTER TABLE ONLY public.featured_promos
    ADD CONSTRAINT featured_promos_promo_code_id_3266e141_fk_promo_codes_id FOREIGN KEY (promo_code_id) REFERENCES public.promo_codes(id) DEFERRABLE INITIALLY DEFERRED;


--
-- Name: featured_promos_target_user_interests featured_promos_targ_category_id_d6cb6156_fk_categorie; Type: FK CONSTRAINT; Schema: public; Owner: justclothing_user
--

ALTER TABLE ONLY public.featured_promos_target_user_interests
    ADD CONSTRAINT featured_promos_targ_category_id_d6cb6156_fk_categorie FOREIGN KEY (category_id) REFERENCES public.categories(id) DEFERRABLE INITIALLY DEFERRED;


--
-- Name: featured_promos_target_user_interests featured_promos_targ_featuredpromo_id_58202b0b_fk_featured_; Type: FK CONSTRAINT; Schema: public; Owner: justclothing_user
--

ALTER TABLE ONLY public.featured_promos_target_user_interests
    ADD CONSTRAINT featured_promos_targ_featuredpromo_id_58202b0b_fk_featured_ FOREIGN KEY (featuredpromo_id) REFERENCES public.featured_promos(id) DEFERRABLE INITIALLY DEFERRED;


--
-- Name: notification_settings notification_settings_user_id_ce43fde1_fk_users_id; Type: FK CONSTRAINT; Schema: public; Owner: justclothing_user
--

ALTER TABLE ONLY public.notification_settings
    ADD CONSTRAINT notification_settings_user_id_ce43fde1_fk_users_id FOREIGN KEY (user_id) REFERENCES public.users(id) DEFERRABLE INITIALLY DEFERRED;


--
-- Name: order_items order_items_order_id_412ad78b_fk_orders_id; Type: FK CONSTRAINT; Schema: public; Owner: justclothing_user
--

ALTER TABLE ONLY public.order_items
    ADD CONSTRAINT order_items_order_id_412ad78b_fk_orders_id FOREIGN KEY (order_id) REFERENCES public.orders(id) DEFERRABLE INITIALLY DEFERRED;


--
-- Name: order_items order_items_product_id_dd557d5a_fk_products_id; Type: FK CONSTRAINT; Schema: public; Owner: justclothing_user
--

ALTER TABLE ONLY public.order_items
    ADD CONSTRAINT order_items_product_id_dd557d5a_fk_products_id FOREIGN KEY (product_id) REFERENCES public.products(id) DEFERRABLE INITIALLY DEFERRED;


--
-- Name: order_status_history order_status_history_changed_by_id_f13feb0a_fk_users_id; Type: FK CONSTRAINT; Schema: public; Owner: justclothing_user
--

ALTER TABLE ONLY public.order_status_history
    ADD CONSTRAINT order_status_history_changed_by_id_f13feb0a_fk_users_id FOREIGN KEY (changed_by_id) REFERENCES public.users(id) DEFERRABLE INITIALLY DEFERRED;


--
-- Name: order_status_history order_status_history_order_id_d33fdfde_fk_orders_id; Type: FK CONSTRAINT; Schema: public; Owner: justclothing_user
--

ALTER TABLE ONLY public.order_status_history
    ADD CONSTRAINT order_status_history_order_id_d33fdfde_fk_orders_id FOREIGN KEY (order_id) REFERENCES public.orders(id) DEFERRABLE INITIALLY DEFERRED;


--
-- Name: order_status_history order_status_history_order_item_id_4add6188_fk_order_items_id; Type: FK CONSTRAINT; Schema: public; Owner: justclothing_user
--

ALTER TABLE ONLY public.order_status_history
    ADD CONSTRAINT order_status_history_order_item_id_4add6188_fk_order_items_id FOREIGN KEY (order_item_id) REFERENCES public.order_items(id) DEFERRABLE INITIALLY DEFERRED;


--
-- Name: orders orders_seller_id_81350599_fk_seller_profiles_id; Type: FK CONSTRAINT; Schema: public; Owner: justclothing_user
--

ALTER TABLE ONLY public.orders
    ADD CONSTRAINT orders_seller_id_81350599_fk_seller_profiles_id FOREIGN KEY (seller_id) REFERENCES public.seller_profiles(id) DEFERRABLE INITIALLY DEFERRED;


--
-- Name: orders orders_user_id_7e2523fb_fk_users_id; Type: FK CONSTRAINT; Schema: public; Owner: justclothing_user
--

ALTER TABLE ONLY public.orders
    ADD CONSTRAINT orders_user_id_7e2523fb_fk_users_id FOREIGN KEY (user_id) REFERENCES public.users(id) DEFERRABLE INITIALLY DEFERRED;


--
-- Name: popular_products popular_products_product_id_b8463c8d_fk_products_id; Type: FK CONSTRAINT; Schema: public; Owner: justclothing_user
--

ALTER TABLE ONLY public.popular_products
    ADD CONSTRAINT popular_products_product_id_b8463c8d_fk_products_id FOREIGN KEY (product_id) REFERENCES public.products(id) DEFERRABLE INITIALLY DEFERRED;


--
-- Name: popular_products popular_products_seller_id_6d117c04_fk_seller_profiles_id; Type: FK CONSTRAINT; Schema: public; Owner: justclothing_user
--

ALTER TABLE ONLY public.popular_products
    ADD CONSTRAINT popular_products_seller_id_6d117c04_fk_seller_profiles_id FOREIGN KEY (seller_id) REFERENCES public.seller_profiles(id) DEFERRABLE INITIALLY DEFERRED;


--
-- Name: product_attributes product_attributes_attribute_type_id_48aeba12_fk_product_a; Type: FK CONSTRAINT; Schema: public; Owner: justclothing_user
--

ALTER TABLE ONLY public.product_attributes
    ADD CONSTRAINT product_attributes_attribute_type_id_48aeba12_fk_product_a FOREIGN KEY (attribute_type_id) REFERENCES public.product_attribute_types(id) DEFERRABLE INITIALLY DEFERRED;


--
-- Name: product_attributes product_attributes_product_id_78966835_fk_products_id; Type: FK CONSTRAINT; Schema: public; Owner: justclothing_user
--

ALTER TABLE ONLY public.product_attributes
    ADD CONSTRAINT product_attributes_product_id_78966835_fk_products_id FOREIGN KEY (product_id) REFERENCES public.products(id) DEFERRABLE INITIALLY DEFERRED;


--
-- Name: product_images product_images_product_id_28ebf5f0_fk_products_id; Type: FK CONSTRAINT; Schema: public; Owner: justclothing_user
--

ALTER TABLE ONLY public.product_images
    ADD CONSTRAINT product_images_product_id_28ebf5f0_fk_products_id FOREIGN KEY (product_id) REFERENCES public.products(id) DEFERRABLE INITIALLY DEFERRED;


--
-- Name: product_offers product_offers_product_id_de9f8da5_fk_products_id; Type: FK CONSTRAINT; Schema: public; Owner: justclothing_user
--

ALTER TABLE ONLY public.product_offers
    ADD CONSTRAINT product_offers_product_id_de9f8da5_fk_products_id FOREIGN KEY (product_id) REFERENCES public.products(id) DEFERRABLE INITIALLY DEFERRED;


--
-- Name: product_offers product_offers_seller_id_7a6da40b_fk_seller_profiles_id; Type: FK CONSTRAINT; Schema: public; Owner: justclothing_user
--

ALTER TABLE ONLY public.product_offers
    ADD CONSTRAINT product_offers_seller_id_7a6da40b_fk_seller_profiles_id FOREIGN KEY (seller_id) REFERENCES public.seller_profiles(id) DEFERRABLE INITIALLY DEFERRED;


--
-- Name: product_variant_attributes product_variant_attr_attribute_type_id_6651b4cc_fk_product_a; Type: FK CONSTRAINT; Schema: public; Owner: justclothing_user
--

ALTER TABLE ONLY public.product_variant_attributes
    ADD CONSTRAINT product_variant_attr_attribute_type_id_6651b4cc_fk_product_a FOREIGN KEY (attribute_type_id) REFERENCES public.product_attribute_types(id) DEFERRABLE INITIALLY DEFERRED;


--
-- Name: product_variant_attributes product_variant_attr_variant_id_c0e7631d_fk_product_v; Type: FK CONSTRAINT; Schema: public; Owner: justclothing_user
--

ALTER TABLE ONLY public.product_variant_attributes
    ADD CONSTRAINT product_variant_attr_variant_id_c0e7631d_fk_product_v FOREIGN KEY (variant_id) REFERENCES public.product_variants(id) DEFERRABLE INITIALLY DEFERRED;


--
-- Name: product_variants product_variants_product_id_019d9f04_fk_products_id; Type: FK CONSTRAINT; Schema: public; Owner: justclothing_user
--

ALTER TABLE ONLY public.product_variants
    ADD CONSTRAINT product_variants_product_id_019d9f04_fk_products_id FOREIGN KEY (product_id) REFERENCES public.products(id) DEFERRABLE INITIALLY DEFERRED;


--
-- Name: product_videos product_videos_product_id_2cb4a827_fk_products_id; Type: FK CONSTRAINT; Schema: public; Owner: justclothing_user
--

ALTER TABLE ONLY public.product_videos
    ADD CONSTRAINT product_videos_product_id_2cb4a827_fk_products_id FOREIGN KEY (product_id) REFERENCES public.products(id) DEFERRABLE INITIALLY DEFERRED;


--
-- Name: products products_category_id_a7a3a156_fk_categories_id; Type: FK CONSTRAINT; Schema: public; Owner: justclothing_user
--

ALTER TABLE ONLY public.products
    ADD CONSTRAINT products_category_id_a7a3a156_fk_categories_id FOREIGN KEY (category_id) REFERENCES public.categories(id) DEFERRABLE INITIALLY DEFERRED;


--
-- Name: products products_collection_id_3808ce0d_fk_collections_id; Type: FK CONSTRAINT; Schema: public; Owner: justclothing_user
--

ALTER TABLE ONLY public.products
    ADD CONSTRAINT products_collection_id_3808ce0d_fk_collections_id FOREIGN KEY (collection_id) REFERENCES public.collections(id) DEFERRABLE INITIALLY DEFERRED;


--
-- Name: products products_seller_id_76e92f9e_fk_seller_profiles_id; Type: FK CONSTRAINT; Schema: public; Owner: justclothing_user
--

ALTER TABLE ONLY public.products
    ADD CONSTRAINT products_seller_id_76e92f9e_fk_seller_profiles_id FOREIGN KEY (seller_id) REFERENCES public.seller_profiles(id) DEFERRABLE INITIALLY DEFERRED;


--
-- Name: promo_codes promo_codes_promotion_id_78984800_fk_promotions_id; Type: FK CONSTRAINT; Schema: public; Owner: justclothing_user
--

ALTER TABLE ONLY public.promo_codes
    ADD CONSTRAINT promo_codes_promotion_id_78984800_fk_promotions_id FOREIGN KEY (promotion_id) REFERENCES public.promotions(id) DEFERRABLE INITIALLY DEFERRED;


--
-- Name: promo_impressions promo_impressions_featured_promo_id_3e447986_fk_featured_; Type: FK CONSTRAINT; Schema: public; Owner: justclothing_user
--

ALTER TABLE ONLY public.promo_impressions
    ADD CONSTRAINT promo_impressions_featured_promo_id_3e447986_fk_featured_ FOREIGN KEY (featured_promo_id) REFERENCES public.featured_promos(id) DEFERRABLE INITIALLY DEFERRED;


--
-- Name: promo_impressions promo_impressions_user_id_2a1092fe_fk_users_id; Type: FK CONSTRAINT; Schema: public; Owner: justclothing_user
--

ALTER TABLE ONLY public.promo_impressions
    ADD CONSTRAINT promo_impressions_user_id_2a1092fe_fk_users_id FOREIGN KEY (user_id) REFERENCES public.users(id) DEFERRABLE INITIALLY DEFERRED;


--
-- Name: promo_requests promo_requests_reviewed_by_id_b1e3f871_fk_users_id; Type: FK CONSTRAINT; Schema: public; Owner: justclothing_user
--

ALTER TABLE ONLY public.promo_requests
    ADD CONSTRAINT promo_requests_reviewed_by_id_b1e3f871_fk_users_id FOREIGN KEY (reviewed_by_id) REFERENCES public.users(id) DEFERRABLE INITIALLY DEFERRED;


--
-- Name: promo_requests promo_requests_seller_id_71390551_fk_seller_profiles_id; Type: FK CONSTRAINT; Schema: public; Owner: justclothing_user
--

ALTER TABLE ONLY public.promo_requests
    ADD CONSTRAINT promo_requests_seller_id_71390551_fk_seller_profiles_id FOREIGN KEY (seller_id) REFERENCES public.seller_profiles(id) DEFERRABLE INITIALLY DEFERRED;


--
-- Name: promo_requests_target_products promo_requests_targe_product_id_c2acb612_fk_products_; Type: FK CONSTRAINT; Schema: public; Owner: justclothing_user
--

ALTER TABLE ONLY public.promo_requests_target_products
    ADD CONSTRAINT promo_requests_targe_product_id_c2acb612_fk_products_ FOREIGN KEY (product_id) REFERENCES public.products(id) DEFERRABLE INITIALLY DEFERRED;


--
-- Name: promo_requests_target_products promo_requests_targe_promorequest_id_c2d6c591_fk_promo_req; Type: FK CONSTRAINT; Schema: public; Owner: justclothing_user
--

ALTER TABLE ONLY public.promo_requests_target_products
    ADD CONSTRAINT promo_requests_targe_promorequest_id_c2d6c591_fk_promo_req FOREIGN KEY (promorequest_id) REFERENCES public.promo_requests(id) DEFERRABLE INITIALLY DEFERRED;


--
-- Name: promo_usages promo_usages_order_id_3fc47b2f_fk_orders_id; Type: FK CONSTRAINT; Schema: public; Owner: justclothing_user
--

ALTER TABLE ONLY public.promo_usages
    ADD CONSTRAINT promo_usages_order_id_3fc47b2f_fk_orders_id FOREIGN KEY (order_id) REFERENCES public.orders(id) DEFERRABLE INITIALLY DEFERRED;


--
-- Name: promo_usages promo_usages_promo_code_id_2c5ccad4_fk_promo_codes_id; Type: FK CONSTRAINT; Schema: public; Owner: justclothing_user
--

ALTER TABLE ONLY public.promo_usages
    ADD CONSTRAINT promo_usages_promo_code_id_2c5ccad4_fk_promo_codes_id FOREIGN KEY (promo_code_id) REFERENCES public.promo_codes(id) DEFERRABLE INITIALLY DEFERRED;


--
-- Name: promo_usages promo_usages_promotion_id_758db3de_fk_promotions_id; Type: FK CONSTRAINT; Schema: public; Owner: justclothing_user
--

ALTER TABLE ONLY public.promo_usages
    ADD CONSTRAINT promo_usages_promotion_id_758db3de_fk_promotions_id FOREIGN KEY (promotion_id) REFERENCES public.promotions(id) DEFERRABLE INITIALLY DEFERRED;


--
-- Name: promo_usages promo_usages_user_id_f66950c5_fk_users_id; Type: FK CONSTRAINT; Schema: public; Owner: justclothing_user
--

ALTER TABLE ONLY public.promo_usages
    ADD CONSTRAINT promo_usages_user_id_f66950c5_fk_users_id FOREIGN KEY (user_id) REFERENCES public.users(id) DEFERRABLE INITIALLY DEFERRED;


--
-- Name: promotional_campaigns_target_categories promotional_campaign_category_id_9bcddd65_fk_categorie; Type: FK CONSTRAINT; Schema: public; Owner: justclothing_user
--

ALTER TABLE ONLY public.promotional_campaigns_target_categories
    ADD CONSTRAINT promotional_campaign_category_id_9bcddd65_fk_categorie FOREIGN KEY (category_id) REFERENCES public.categories(id) DEFERRABLE INITIALLY DEFERRED;


--
-- Name: promotional_campaigns_target_products promotional_campaign_product_id_c7f0bb03_fk_products_; Type: FK CONSTRAINT; Schema: public; Owner: justclothing_user
--

ALTER TABLE ONLY public.promotional_campaigns_target_products
    ADD CONSTRAINT promotional_campaign_product_id_c7f0bb03_fk_products_ FOREIGN KEY (product_id) REFERENCES public.products(id) DEFERRABLE INITIALLY DEFERRED;


--
-- Name: promotional_campaigns_target_categories promotional_campaign_promotionalcampaign__36d8ead9_fk_promotion; Type: FK CONSTRAINT; Schema: public; Owner: justclothing_user
--

ALTER TABLE ONLY public.promotional_campaigns_target_categories
    ADD CONSTRAINT promotional_campaign_promotionalcampaign__36d8ead9_fk_promotion FOREIGN KEY (promotionalcampaign_id) REFERENCES public.promotional_campaigns(id) DEFERRABLE INITIALLY DEFERRED;


--
-- Name: promotional_campaigns_target_products promotional_campaign_promotionalcampaign__47e30b3b_fk_promotion; Type: FK CONSTRAINT; Schema: public; Owner: justclothing_user
--

ALTER TABLE ONLY public.promotional_campaigns_target_products
    ADD CONSTRAINT promotional_campaign_promotionalcampaign__47e30b3b_fk_promotion FOREIGN KEY (promotionalcampaign_id) REFERENCES public.promotional_campaigns(id) DEFERRABLE INITIALLY DEFERRED;


--
-- Name: promotional_campaigns promotional_campaigns_approved_by_id_216a78fd_fk_users_id; Type: FK CONSTRAINT; Schema: public; Owner: justclothing_user
--

ALTER TABLE ONLY public.promotional_campaigns
    ADD CONSTRAINT promotional_campaigns_approved_by_id_216a78fd_fk_users_id FOREIGN KEY (approved_by_id) REFERENCES public.users(id) DEFERRABLE INITIALLY DEFERRED;


--
-- Name: promotional_campaigns promotional_campaigns_seller_id_87580509_fk_seller_profiles_id; Type: FK CONSTRAINT; Schema: public; Owner: justclothing_user
--

ALTER TABLE ONLY public.promotional_campaigns
    ADD CONSTRAINT promotional_campaigns_seller_id_87580509_fk_seller_profiles_id FOREIGN KEY (seller_id) REFERENCES public.seller_profiles(id) DEFERRABLE INITIALLY DEFERRED;


--
-- Name: promotions_applicable_categories promotions_applicabl_category_id_f84397f2_fk_categorie; Type: FK CONSTRAINT; Schema: public; Owner: justclothing_user
--

ALTER TABLE ONLY public.promotions_applicable_categories
    ADD CONSTRAINT promotions_applicabl_category_id_f84397f2_fk_categorie FOREIGN KEY (category_id) REFERENCES public.categories(id) DEFERRABLE INITIALLY DEFERRED;


--
-- Name: promotions_applicable_products promotions_applicabl_product_id_47ef6da8_fk_products_; Type: FK CONSTRAINT; Schema: public; Owner: justclothing_user
--

ALTER TABLE ONLY public.promotions_applicable_products
    ADD CONSTRAINT promotions_applicabl_product_id_47ef6da8_fk_products_ FOREIGN KEY (product_id) REFERENCES public.products(id) DEFERRABLE INITIALLY DEFERRED;


--
-- Name: promotions_applicable_categories promotions_applicabl_promotion_id_06b15383_fk_promotion; Type: FK CONSTRAINT; Schema: public; Owner: justclothing_user
--

ALTER TABLE ONLY public.promotions_applicable_categories
    ADD CONSTRAINT promotions_applicabl_promotion_id_06b15383_fk_promotion FOREIGN KEY (promotion_id) REFERENCES public.promotions(id) DEFERRABLE INITIALLY DEFERRED;


--
-- Name: promotions_applicable_products promotions_applicabl_promotion_id_876fd6d4_fk_promotion; Type: FK CONSTRAINT; Schema: public; Owner: justclothing_user
--

ALTER TABLE ONLY public.promotions_applicable_products
    ADD CONSTRAINT promotions_applicabl_promotion_id_876fd6d4_fk_promotion FOREIGN KEY (promotion_id) REFERENCES public.promotions(id) DEFERRABLE INITIALLY DEFERRED;


--
-- Name: promotions_applicable_sellers promotions_applicabl_promotion_id_c5b57d75_fk_promotion; Type: FK CONSTRAINT; Schema: public; Owner: justclothing_user
--

ALTER TABLE ONLY public.promotions_applicable_sellers
    ADD CONSTRAINT promotions_applicabl_promotion_id_c5b57d75_fk_promotion FOREIGN KEY (promotion_id) REFERENCES public.promotions(id) DEFERRABLE INITIALLY DEFERRED;


--
-- Name: promotions_applicable_sellers promotions_applicabl_sellerprofile_id_c7f8d340_fk_seller_pr; Type: FK CONSTRAINT; Schema: public; Owner: justclothing_user
--

ALTER TABLE ONLY public.promotions_applicable_sellers
    ADD CONSTRAINT promotions_applicabl_sellerprofile_id_c7f8d340_fk_seller_pr FOREIGN KEY (sellerprofile_id) REFERENCES public.seller_profiles(id) DEFERRABLE INITIALLY DEFERRED;


--
-- Name: promotions promotions_created_by_id_cd2e2f56_fk_users_id; Type: FK CONSTRAINT; Schema: public; Owner: justclothing_user
--

ALTER TABLE ONLY public.promotions
    ADD CONSTRAINT promotions_created_by_id_cd2e2f56_fk_users_id FOREIGN KEY (created_by_id) REFERENCES public.users(id) DEFERRABLE INITIALLY DEFERRED;


--
-- Name: review_images review_images_review_id_9c7a1455_fk_reviews_id; Type: FK CONSTRAINT; Schema: public; Owner: justclothing_user
--

ALTER TABLE ONLY public.review_images
    ADD CONSTRAINT review_images_review_id_9c7a1455_fk_reviews_id FOREIGN KEY (review_id) REFERENCES public.reviews(id) DEFERRABLE INITIALLY DEFERRED;


--
-- Name: review_replies review_replies_moderated_by_id_563d9eca_fk_users_id; Type: FK CONSTRAINT; Schema: public; Owner: justclothing_user
--

ALTER TABLE ONLY public.review_replies
    ADD CONSTRAINT review_replies_moderated_by_id_563d9eca_fk_users_id FOREIGN KEY (moderated_by_id) REFERENCES public.users(id) DEFERRABLE INITIALLY DEFERRED;


--
-- Name: review_replies review_replies_review_id_efabf924_fk_reviews_id; Type: FK CONSTRAINT; Schema: public; Owner: justclothing_user
--

ALTER TABLE ONLY public.review_replies
    ADD CONSTRAINT review_replies_review_id_efabf924_fk_reviews_id FOREIGN KEY (review_id) REFERENCES public.reviews(id) DEFERRABLE INITIALLY DEFERRED;


--
-- Name: review_replies review_replies_seller_id_8e537b70_fk_seller_profiles_id; Type: FK CONSTRAINT; Schema: public; Owner: justclothing_user
--

ALTER TABLE ONLY public.review_replies
    ADD CONSTRAINT review_replies_seller_id_8e537b70_fk_seller_profiles_id FOREIGN KEY (seller_id) REFERENCES public.seller_profiles(id) DEFERRABLE INITIALLY DEFERRED;


--
-- Name: review_reports review_reports_reported_by_id_1086234c_fk_users_id; Type: FK CONSTRAINT; Schema: public; Owner: justclothing_user
--

ALTER TABLE ONLY public.review_reports
    ADD CONSTRAINT review_reports_reported_by_id_1086234c_fk_users_id FOREIGN KEY (reported_by_id) REFERENCES public.users(id) DEFERRABLE INITIALLY DEFERRED;


--
-- Name: review_reports review_reports_resolved_by_id_0d36b28e_fk_users_id; Type: FK CONSTRAINT; Schema: public; Owner: justclothing_user
--

ALTER TABLE ONLY public.review_reports
    ADD CONSTRAINT review_reports_resolved_by_id_0d36b28e_fk_users_id FOREIGN KEY (resolved_by_id) REFERENCES public.users(id) DEFERRABLE INITIALLY DEFERRED;


--
-- Name: review_reports review_reports_review_id_593e03ee_fk_reviews_id; Type: FK CONSTRAINT; Schema: public; Owner: justclothing_user
--

ALTER TABLE ONLY public.review_reports
    ADD CONSTRAINT review_reports_review_id_593e03ee_fk_reviews_id FOREIGN KEY (review_id) REFERENCES public.reviews(id) DEFERRABLE INITIALLY DEFERRED;


--
-- Name: review_votes review_votes_review_id_8b42cc78_fk_reviews_id; Type: FK CONSTRAINT; Schema: public; Owner: justclothing_user
--

ALTER TABLE ONLY public.review_votes
    ADD CONSTRAINT review_votes_review_id_8b42cc78_fk_reviews_id FOREIGN KEY (review_id) REFERENCES public.reviews(id) DEFERRABLE INITIALLY DEFERRED;


--
-- Name: review_votes review_votes_user_id_e34a9581_fk_users_id; Type: FK CONSTRAINT; Schema: public; Owner: justclothing_user
--

ALTER TABLE ONLY public.review_votes
    ADD CONSTRAINT review_votes_user_id_e34a9581_fk_users_id FOREIGN KEY (user_id) REFERENCES public.users(id) DEFERRABLE INITIALLY DEFERRED;


--
-- Name: reviews reviews_moderated_by_id_a1c23bc2_fk_users_id; Type: FK CONSTRAINT; Schema: public; Owner: justclothing_user
--

ALTER TABLE ONLY public.reviews
    ADD CONSTRAINT reviews_moderated_by_id_a1c23bc2_fk_users_id FOREIGN KEY (moderated_by_id) REFERENCES public.users(id) DEFERRABLE INITIALLY DEFERRED;


--
-- Name: reviews reviews_order_id_35d02b74_fk_orders_id; Type: FK CONSTRAINT; Schema: public; Owner: justclothing_user
--

ALTER TABLE ONLY public.reviews
    ADD CONSTRAINT reviews_order_id_35d02b74_fk_orders_id FOREIGN KEY (order_id) REFERENCES public.orders(id) DEFERRABLE INITIALLY DEFERRED;


--
-- Name: reviews reviews_product_id_d4b78cfe_fk_products_id; Type: FK CONSTRAINT; Schema: public; Owner: justclothing_user
--

ALTER TABLE ONLY public.reviews
    ADD CONSTRAINT reviews_product_id_d4b78cfe_fk_products_id FOREIGN KEY (product_id) REFERENCES public.products(id) DEFERRABLE INITIALLY DEFERRED;


--
-- Name: reviews reviews_seller_id_518fed30_fk_seller_profiles_id; Type: FK CONSTRAINT; Schema: public; Owner: justclothing_user
--

ALTER TABLE ONLY public.reviews
    ADD CONSTRAINT reviews_seller_id_518fed30_fk_seller_profiles_id FOREIGN KEY (seller_id) REFERENCES public.seller_profiles(id) DEFERRABLE INITIALLY DEFERRED;


--
-- Name: reviews reviews_user_id_c23b0903_fk_users_id; Type: FK CONSTRAINT; Schema: public; Owner: justclothing_user
--

ALTER TABLE ONLY public.reviews
    ADD CONSTRAINT reviews_user_id_c23b0903_fk_users_id FOREIGN KEY (user_id) REFERENCES public.users(id) DEFERRABLE INITIALLY DEFERRED;


--
-- Name: seller_analytics seller_analytics_seller_id_89326751_fk_seller_profiles_id; Type: FK CONSTRAINT; Schema: public; Owner: justclothing_user
--

ALTER TABLE ONLY public.seller_analytics
    ADD CONSTRAINT seller_analytics_seller_id_89326751_fk_seller_profiles_id FOREIGN KEY (seller_id) REFERENCES public.seller_profiles(id) DEFERRABLE INITIALLY DEFERRED;


--
-- Name: seller_followers seller_followers_seller_id_2dfdf89c_fk_seller_profiles_id; Type: FK CONSTRAINT; Schema: public; Owner: justclothing_user
--

ALTER TABLE ONLY public.seller_followers
    ADD CONSTRAINT seller_followers_seller_id_2dfdf89c_fk_seller_profiles_id FOREIGN KEY (seller_id) REFERENCES public.seller_profiles(id) DEFERRABLE INITIALLY DEFERRED;


--
-- Name: seller_followers seller_followers_user_id_c81cfff7_fk_users_id; Type: FK CONSTRAINT; Schema: public; Owner: justclothing_user
--

ALTER TABLE ONLY public.seller_followers
    ADD CONSTRAINT seller_followers_user_id_c81cfff7_fk_users_id FOREIGN KEY (user_id) REFERENCES public.users(id) DEFERRABLE INITIALLY DEFERRED;


--
-- Name: seller_homepage_products seller_homepage_prod_seller_id_96d728c3_fk_seller_pr; Type: FK CONSTRAINT; Schema: public; Owner: justclothing_user
--

ALTER TABLE ONLY public.seller_homepage_products
    ADD CONSTRAINT seller_homepage_prod_seller_id_96d728c3_fk_seller_pr FOREIGN KEY (seller_id) REFERENCES public.seller_profiles(id) DEFERRABLE INITIALLY DEFERRED;


--
-- Name: seller_homepage_products seller_homepage_products_product_id_1392eff6_fk_products_id; Type: FK CONSTRAINT; Schema: public; Owner: justclothing_user
--

ALTER TABLE ONLY public.seller_homepage_products
    ADD CONSTRAINT seller_homepage_products_product_id_1392eff6_fk_products_id FOREIGN KEY (product_id) REFERENCES public.products(id) DEFERRABLE INITIALLY DEFERRED;


--
-- Name: seller_profiles seller_profiles_approved_by_id_ed979e67_fk_users_id; Type: FK CONSTRAINT; Schema: public; Owner: justclothing_user
--

ALTER TABLE ONLY public.seller_profiles
    ADD CONSTRAINT seller_profiles_approved_by_id_ed979e67_fk_users_id FOREIGN KEY (approved_by_id) REFERENCES public.users(id) DEFERRABLE INITIALLY DEFERRED;


--
-- Name: seller_profiles seller_profiles_user_id_72942661_fk_users_id; Type: FK CONSTRAINT; Schema: public; Owner: justclothing_user
--

ALTER TABLE ONLY public.seller_profiles
    ADD CONSTRAINT seller_profiles_user_id_72942661_fk_users_id FOREIGN KEY (user_id) REFERENCES public.users(id) DEFERRABLE INITIALLY DEFERRED;


--
-- Name: seller_promo_requests seller_promo_request_created_promo_id_ba723d97_fk_promo_cod; Type: FK CONSTRAINT; Schema: public; Owner: justclothing_user
--

ALTER TABLE ONLY public.seller_promo_requests
    ADD CONSTRAINT seller_promo_request_created_promo_id_ba723d97_fk_promo_cod FOREIGN KEY (created_promo_id) REFERENCES public.promo_codes(id) DEFERRABLE INITIALLY DEFERRED;


--
-- Name: seller_promo_requests seller_promo_requests_reviewed_by_id_e8139934_fk_users_id; Type: FK CONSTRAINT; Schema: public; Owner: justclothing_user
--

ALTER TABLE ONLY public.seller_promo_requests
    ADD CONSTRAINT seller_promo_requests_reviewed_by_id_e8139934_fk_users_id FOREIGN KEY (reviewed_by_id) REFERENCES public.users(id) DEFERRABLE INITIALLY DEFERRED;


--
-- Name: seller_promo_requests seller_promo_requests_seller_id_33e1aeec_fk_seller_profiles_id; Type: FK CONSTRAINT; Schema: public; Owner: justclothing_user
--

ALTER TABLE ONLY public.seller_promo_requests
    ADD CONSTRAINT seller_promo_requests_seller_id_33e1aeec_fk_seller_profiles_id FOREIGN KEY (seller_id) REFERENCES public.seller_profiles(id) DEFERRABLE INITIALLY DEFERRED;


--
-- Name: seller_revenue_tracker seller_revenue_tracker_seller_id_4ed78fca_fk_seller_profiles_id; Type: FK CONSTRAINT; Schema: public; Owner: justclothing_user
--

ALTER TABLE ONLY public.seller_revenue_tracker
    ADD CONSTRAINT seller_revenue_tracker_seller_id_4ed78fca_fk_seller_profiles_id FOREIGN KEY (seller_id) REFERENCES public.seller_profiles(id) DEFERRABLE INITIALLY DEFERRED;


--
-- Name: seller_reviews seller_reviews_moderated_by_id_00fe83f0_fk_users_id; Type: FK CONSTRAINT; Schema: public; Owner: justclothing_user
--

ALTER TABLE ONLY public.seller_reviews
    ADD CONSTRAINT seller_reviews_moderated_by_id_00fe83f0_fk_users_id FOREIGN KEY (moderated_by_id) REFERENCES public.users(id) DEFERRABLE INITIALLY DEFERRED;


--
-- Name: seller_reviews seller_reviews_order_id_5c340dc2_fk_orders_id; Type: FK CONSTRAINT; Schema: public; Owner: justclothing_user
--

ALTER TABLE ONLY public.seller_reviews
    ADD CONSTRAINT seller_reviews_order_id_5c340dc2_fk_orders_id FOREIGN KEY (order_id) REFERENCES public.orders(id) DEFERRABLE INITIALLY DEFERRED;


--
-- Name: seller_reviews seller_reviews_seller_id_530e29a7_fk_seller_profiles_id; Type: FK CONSTRAINT; Schema: public; Owner: justclothing_user
--

ALTER TABLE ONLY public.seller_reviews
    ADD CONSTRAINT seller_reviews_seller_id_530e29a7_fk_seller_profiles_id FOREIGN KEY (seller_id) REFERENCES public.seller_profiles(id) DEFERRABLE INITIALLY DEFERRED;


--
-- Name: seller_reviews seller_reviews_user_id_b4a94cfe_fk_users_id; Type: FK CONSTRAINT; Schema: public; Owner: justclothing_user
--

ALTER TABLE ONLY public.seller_reviews
    ADD CONSTRAINT seller_reviews_user_id_b4a94cfe_fk_users_id FOREIGN KEY (user_id) REFERENCES public.users(id) DEFERRABLE INITIALLY DEFERRED;


--
-- Name: seller_team_members seller_team_members_invited_by_id_f6d7f8f9_fk_users_id; Type: FK CONSTRAINT; Schema: public; Owner: justclothing_user
--

ALTER TABLE ONLY public.seller_team_members
    ADD CONSTRAINT seller_team_members_invited_by_id_f6d7f8f9_fk_users_id FOREIGN KEY (invited_by_id) REFERENCES public.users(id) DEFERRABLE INITIALLY DEFERRED;


--
-- Name: seller_team_members seller_team_members_seller_id_9969e7cb_fk_seller_profiles_id; Type: FK CONSTRAINT; Schema: public; Owner: justclothing_user
--

ALTER TABLE ONLY public.seller_team_members
    ADD CONSTRAINT seller_team_members_seller_id_9969e7cb_fk_seller_profiles_id FOREIGN KEY (seller_id) REFERENCES public.seller_profiles(id) DEFERRABLE INITIALLY DEFERRED;


--
-- Name: seller_team_members seller_team_members_user_id_27ed8058_fk_users_id; Type: FK CONSTRAINT; Schema: public; Owner: justclothing_user
--

ALTER TABLE ONLY public.seller_team_members
    ADD CONSTRAINT seller_team_members_user_id_27ed8058_fk_users_id FOREIGN KEY (user_id) REFERENCES public.users(id) DEFERRABLE INITIALLY DEFERRED;


--
-- Name: shipping_labels shipping_labels_carrier_id_bcbab016_fk_shipping_carriers_id; Type: FK CONSTRAINT; Schema: public; Owner: justclothing_user
--

ALTER TABLE ONLY public.shipping_labels
    ADD CONSTRAINT shipping_labels_carrier_id_bcbab016_fk_shipping_carriers_id FOREIGN KEY (carrier_id) REFERENCES public.shipping_carriers(id) DEFERRABLE INITIALLY DEFERRED;


--
-- Name: shipping_labels shipping_labels_method_id_16df1073_fk_shipping_methods_id; Type: FK CONSTRAINT; Schema: public; Owner: justclothing_user
--

ALTER TABLE ONLY public.shipping_labels
    ADD CONSTRAINT shipping_labels_method_id_16df1073_fk_shipping_methods_id FOREIGN KEY (method_id) REFERENCES public.shipping_methods(id) DEFERRABLE INITIALLY DEFERRED;


--
-- Name: shipping_labels shipping_labels_order_id_f65dcc65_fk_orders_id; Type: FK CONSTRAINT; Schema: public; Owner: justclothing_user
--

ALTER TABLE ONLY public.shipping_labels
    ADD CONSTRAINT shipping_labels_order_id_f65dcc65_fk_orders_id FOREIGN KEY (order_id) REFERENCES public.orders(id) DEFERRABLE INITIALLY DEFERRED;


--
-- Name: shipping_rates shipping_rates_method_id_d46318c4_fk_shipping_methods_id; Type: FK CONSTRAINT; Schema: public; Owner: justclothing_user
--

ALTER TABLE ONLY public.shipping_rates
    ADD CONSTRAINT shipping_rates_method_id_d46318c4_fk_shipping_methods_id FOREIGN KEY (method_id) REFERENCES public.shipping_methods(id) DEFERRABLE INITIALLY DEFERRED;


--
-- Name: shipping_rates shipping_rates_zone_id_ef999983_fk_shipping_zones_id; Type: FK CONSTRAINT; Schema: public; Owner: justclothing_user
--

ALTER TABLE ONLY public.shipping_rates
    ADD CONSTRAINT shipping_rates_zone_id_ef999983_fk_shipping_zones_id FOREIGN KEY (zone_id) REFERENCES public.shipping_zones(id) DEFERRABLE INITIALLY DEFERRED;


--
-- Name: socialaccount_socialtoken socialaccount_social_account_id_951f210e_fk_socialacc; Type: FK CONSTRAINT; Schema: public; Owner: justclothing_user
--

ALTER TABLE ONLY public.socialaccount_socialtoken
    ADD CONSTRAINT socialaccount_social_account_id_951f210e_fk_socialacc FOREIGN KEY (account_id) REFERENCES public.socialaccount_socialaccount(id) DEFERRABLE INITIALLY DEFERRED;


--
-- Name: socialaccount_socialtoken socialaccount_social_app_id_636a42d7_fk_socialacc; Type: FK CONSTRAINT; Schema: public; Owner: justclothing_user
--

ALTER TABLE ONLY public.socialaccount_socialtoken
    ADD CONSTRAINT socialaccount_social_app_id_636a42d7_fk_socialacc FOREIGN KEY (app_id) REFERENCES public.socialaccount_socialapp(id) DEFERRABLE INITIALLY DEFERRED;


--
-- Name: socialaccount_socialapp_sites socialaccount_social_site_id_2579dee5_fk_django_si; Type: FK CONSTRAINT; Schema: public; Owner: justclothing_user
--

ALTER TABLE ONLY public.socialaccount_socialapp_sites
    ADD CONSTRAINT socialaccount_social_site_id_2579dee5_fk_django_si FOREIGN KEY (site_id) REFERENCES public.django_site(id) DEFERRABLE INITIALLY DEFERRED;


--
-- Name: socialaccount_socialapp_sites socialaccount_social_socialapp_id_97fb6e7d_fk_socialacc; Type: FK CONSTRAINT; Schema: public; Owner: justclothing_user
--

ALTER TABLE ONLY public.socialaccount_socialapp_sites
    ADD CONSTRAINT socialaccount_social_socialapp_id_97fb6e7d_fk_socialacc FOREIGN KEY (socialapp_id) REFERENCES public.socialaccount_socialapp(id) DEFERRABLE INITIALLY DEFERRED;


--
-- Name: socialaccount_socialaccount socialaccount_socialaccount_user_id_8146e70c_fk_users_id; Type: FK CONSTRAINT; Schema: public; Owner: justclothing_user
--

ALTER TABLE ONLY public.socialaccount_socialaccount
    ADD CONSTRAINT socialaccount_socialaccount_user_id_8146e70c_fk_users_id FOREIGN KEY (user_id) REFERENCES public.users(id) DEFERRABLE INITIALLY DEFERRED;


--
-- Name: taggit_taggeditem taggit_taggeditem_content_type_id_9957a03c_fk_django_co; Type: FK CONSTRAINT; Schema: public; Owner: justclothing_user
--

ALTER TABLE ONLY public.taggit_taggeditem
    ADD CONSTRAINT taggit_taggeditem_content_type_id_9957a03c_fk_django_co FOREIGN KEY (content_type_id) REFERENCES public.django_content_type(id) DEFERRABLE INITIALLY DEFERRED;


--
-- Name: taggit_taggeditem taggit_taggeditem_tag_id_f4f5b767_fk_taggit_tag_id; Type: FK CONSTRAINT; Schema: public; Owner: justclothing_user
--

ALTER TABLE ONLY public.taggit_taggeditem
    ADD CONSTRAINT taggit_taggeditem_tag_id_f4f5b767_fk_taggit_tag_id FOREIGN KEY (tag_id) REFERENCES public.taggit_tag(id) DEFERRABLE INITIALLY DEFERRED;


--
-- Name: user_notifications user_notifications_related_order_id_f0ac26c8_fk_orders_id; Type: FK CONSTRAINT; Schema: public; Owner: justclothing_user
--

ALTER TABLE ONLY public.user_notifications
    ADD CONSTRAINT user_notifications_related_order_id_f0ac26c8_fk_orders_id FOREIGN KEY (related_order_id) REFERENCES public.orders(id) DEFERRABLE INITIALLY DEFERRED;


--
-- Name: user_notifications user_notifications_related_product_id_b05d5cd4_fk_products_id; Type: FK CONSTRAINT; Schema: public; Owner: justclothing_user
--

ALTER TABLE ONLY public.user_notifications
    ADD CONSTRAINT user_notifications_related_product_id_b05d5cd4_fk_products_id FOREIGN KEY (related_product_id) REFERENCES public.products(id) DEFERRABLE INITIALLY DEFERRED;


--
-- Name: user_notifications user_notifications_user_id_0ac00350_fk_users_id; Type: FK CONSTRAINT; Schema: public; Owner: justclothing_user
--

ALTER TABLE ONLY public.user_notifications
    ADD CONSTRAINT user_notifications_user_id_0ac00350_fk_users_id FOREIGN KEY (user_id) REFERENCES public.users(id) DEFERRABLE INITIALLY DEFERRED;


--
-- Name: users_groups users_groups_group_id_2f3517aa_fk_auth_group_id; Type: FK CONSTRAINT; Schema: public; Owner: justclothing_user
--

ALTER TABLE ONLY public.users_groups
    ADD CONSTRAINT users_groups_group_id_2f3517aa_fk_auth_group_id FOREIGN KEY (group_id) REFERENCES public.auth_group(id) DEFERRABLE INITIALLY DEFERRED;


--
-- Name: users_groups users_groups_user_id_f500bee5_fk_users_id; Type: FK CONSTRAINT; Schema: public; Owner: justclothing_user
--

ALTER TABLE ONLY public.users_groups
    ADD CONSTRAINT users_groups_user_id_f500bee5_fk_users_id FOREIGN KEY (user_id) REFERENCES public.users(id) DEFERRABLE INITIALLY DEFERRED;


--
-- Name: users_user_permissions users_user_permissio_permission_id_6d08dcd2_fk_auth_perm; Type: FK CONSTRAINT; Schema: public; Owner: justclothing_user
--

ALTER TABLE ONLY public.users_user_permissions
    ADD CONSTRAINT users_user_permissio_permission_id_6d08dcd2_fk_auth_perm FOREIGN KEY (permission_id) REFERENCES public.auth_permission(id) DEFERRABLE INITIALLY DEFERRED;


--
-- Name: users_user_permissions users_user_permissions_user_id_92473840_fk_users_id; Type: FK CONSTRAINT; Schema: public; Owner: justclothing_user
--

ALTER TABLE ONLY public.users_user_permissions
    ADD CONSTRAINT users_user_permissions_user_id_92473840_fk_users_id FOREIGN KEY (user_id) REFERENCES public.users(id) DEFERRABLE INITIALLY DEFERRED;


--
-- Name: wishlist_items wishlist_items_product_id_0509b6b7_fk_products_id; Type: FK CONSTRAINT; Schema: public; Owner: justclothing_user
--

ALTER TABLE ONLY public.wishlist_items
    ADD CONSTRAINT wishlist_items_product_id_0509b6b7_fk_products_id FOREIGN KEY (product_id) REFERENCES public.products(id) DEFERRABLE INITIALLY DEFERRED;


--
-- Name: wishlist_items wishlist_items_wishlist_id_56989f42_fk_wishlists_id; Type: FK CONSTRAINT; Schema: public; Owner: justclothing_user
--

ALTER TABLE ONLY public.wishlist_items
    ADD CONSTRAINT wishlist_items_wishlist_id_56989f42_fk_wishlists_id FOREIGN KEY (wishlist_id) REFERENCES public.wishlists(id) DEFERRABLE INITIALLY DEFERRED;


--
-- Name: wishlists wishlists_user_id_6280b16e_fk_users_id; Type: FK CONSTRAINT; Schema: public; Owner: justclothing_user
--

ALTER TABLE ONLY public.wishlists
    ADD CONSTRAINT wishlists_user_id_6280b16e_fk_users_id FOREIGN KEY (user_id) REFERENCES public.users(id) DEFERRABLE INITIALLY DEFERRED;


--
-- PostgreSQL database dump complete
--

